{
  "semanticClass": "theme.dracula",
  "author": "Zeno Rocha",
  "settings": [
    {
      "settings": {
        "bracketsForeground": "#F8F8F2A5",
        "findHighlight": "#effb7b",
        "caret": "#f8f8f0",
        "lineHighlight": "#44475a",
        "findHighlightForeground": "#000000",
        "block_caret": "#999a9e",
        "foreground": "#f8f8f2",
        "selectionBorder": "#222218",
        "activeGuide": "#9D550FB0",
        "background": "#282a36",
        "invisibles": "#3B3A32",
        "selection": "#44475a",
        "bracketsOptions": "underline",
        "bracketContentsForeground": "#F8F8F2A5",
        "bracketContentsOptions": "underline",
        "tagsOptions": "stippled_underline"
      }
    },
    {
      "name": "Comment",
      "scope": "comment",
      "settings": {
        "foreground": "#6272a4",
        "fontStyle": ""
      }
    },
    {
      "name": "String",
      "scope": "string",
      "settings": {
        "foreground": "#f1fa8c"
      }
    },
    {
      "name": "Number",
      "scope": "constant.numeric",
      "settings": {
        "foreground": "#bd93f9"
      }
    },
    {
      "name": "Built-in constant",
      "scope": "constant.language",
      "settings": {
        "foreground": "#bd93f9"
      }
    },
    {
      "name": "User-defined constant",
      "scope": "constant.character, constant.other",
      "settings": {
        "foreground": "#bd93f9"
      }
    },
    {
      "name": "Variable",
      "scope": "variable",
      "settings": {
        "fontStyle": ""
      }
    },
    {
      "name": "Ruby's @variable",
      "scope": "variable.other.readwrite.instance",
      "settings": {
        "fontStyle": "",
        "foreground": "#ffb86c"
      }
    },
    {
      "name": "String interpolation",
      "scope": "constant.character.escaped, constant.character.escape, string source, string source.ruby",
      "settings": {
        "fontStyle": "",
        "foreground": "#ff79c6"
      }
    },
    {
      "name": "Ruby Regexp",
      "scope": "source.ruby string.regexp.classic.ruby,source.ruby string.regexp.mod-r.ruby",
      "settings": {
        "fontStyle": "",
        "foreground": "#ff5555"
      }
    },
    {
      "name": "Keyword",
      "scope": "keyword",
      "settings": {
        "foreground": "#ff79c6"
      }
    },
    {
      "name": "Storage",
      "scope": "storage",
      "settings": {
        "fontStyle": "",
        "foreground": "#ff79c6"
      }
    },
    {
      "name": "Storage type",
      "scope": "storage.type",
      "settings": {
        "fontStyle": "italic",
        "foreground": "#8be9fd"
      }
    },
    {
      "name": "Storage Type Namespace",
      "scope": "storage.type.namespace",
      "settings": {
        "fontStyle": "italic",
        "foreground": "#8be9fd"
      }
    },
    {
      "name": "Storage Type Class",
      "scope": "storage.type.class",
      "settings": {
        "fontStyle": "italic",
        "foreground": "#ff79c6"
      }
    },
    {
      "name": "Class name",
      "scope": "entity.name.class",
      "settings": {
        "fontStyle": "underline",
        "foreground": "#8be9fd"
      }
    },
    {
      "name": "Meta Path",
      "scope": "meta.path",
      "settings": {
        "fontStyle": "underline",
        "foreground": "#66d9ef"
      }
    },
    {
      "name": "Inherited class",
      "scope": "entity.other.inherited-class",
      "settings": {
        "fontStyle": "italic underline",
        "foreground": "#8be9fd"
      }
    },
    {
      "name": "Function name",
      "scope": "entity.name.function",
      "settings": {
        "fontStyle": "",
        "foreground": "#50fa7b"
      }
    },
    {
      "name": "Function argument",
      "scope": "variable.parameter",
      "settings": {
        "fontStyle": "italic",
        "foreground": "#ffb86c"
      }
    },
    {
      "name": "Tag name",
      "scope": "entity.name.tag",
      "settings": {
        "fontStyle": "",
        "foreground": "#ff79c6"
      }
    },
    {
      "name": "Tag attribute",
      "scope": "entity.other.attribute-name",
      "settings": {
        "fontStyle": "",
        "foreground": "#50fa7b"
      }
    },
    {
      "name": "Library function",
      "scope": "support.function",
      "settings": {
        "fontStyle": "",
        "foreground": "#8be9fd"
      }
    },
    {
      "name": "Library constant",
      "scope": "support.constant",
      "settings": {
        "fontStyle": "",
        "foreground": "#6be5fd"
      }
    },
    {
      "name": "Library class/type",
      "scope": "support.type, support.class",
      "settings": {
        "fontStyle": "italic",
        "foreground": "#66d9ef"
      }
    },
    {
      "name": "Library variable",
      "scope": "support.other.variable",
      "settings": {
        "fontStyle": ""
      }
    },
    {
      "name": "Support Other Namespace",
      "scope": "support.other.namespace",
      "settings": {
        "fontStyle": "italic",
        "foreground": "#66d9ef"
      }
    },
    {
      "name": "Invalid",
      "scope": "invalid",
      "settings": {
        "fontStyle": "",
        "foreground": "#F8F8F0",
        "background": "#ff79c6"
      }
    },
    {
      "name": "Invalid deprecated",
      "scope": "invalid.deprecated",
      "settings": {
        "foreground": "#F8F8F0",
        "background": "#bd93f9"
      }
    },
    {
      "name": "JSON String",
      "scope": "meta.structure.dictionary.json string.quoted.double.json",
      "settings": {
        "foreground": "#CFCFC2"
      }
    },
    {
      "name": "diff.header",
      "scope": "meta.diff, meta.diff.header",
      "settings": {
        "foreground": "#6272a4"
      }
    },
    {
      "name": "diff.deleted",
      "scope": "markup.deleted",
      "settings": {
        "foreground": "#ff79c6"
      }
    },
    {
      "name": "diff.inserted",
      "scope": "markup.inserted",
      "settings": {
        "foreground": "#50fa7b"
      }
    },
    {
      "name": "diff.changed",
      "scope": "markup.changed",
      "settings": {
        "foreground": "#E6DB74"
      }
    },
    {
      "scope": "constant.numeric.line-number.find-in-files - match",
      "settings": {
        "foreground": "#bd93f9"
      }
    },
    {
      "scope": "entity.name.filename",
      "settings": {
        "foreground": "#E6DB74"
      }
    },
    {
      "scope": "message.error",
      "settings": {
        "foreground": "#F83333"
      }
    },
    {
      "name": "JSON Punctuation",
      "scope": "punctuation.definition.string.begin.json - meta.structure.dictionary.value.json, punctuation.definition.string.end.json - meta.structure.dictionary.value.json",
      "settings": {
        "foreground": "#EEEEEE"
      }
    },
    {
      "name": "JSON Structure",
      "scope": "meta.structure.dictionary.json string.quoted.double.json",
      "settings": {
        "foreground": "#8be9fd"
      }
    },
    {
      "name": "JSON String",
      "scope": "meta.structure.dictionary.value.json string.quoted.double.json",
      "settings": {
        "foreground": "#f1fa8c"
      }
    },
    {
      "name": "JSON: 6 deep",
      "scope": "meta meta meta meta meta meta meta.structure.dictionary.value string",
      "settings": {
        "foreground": "#50fa7b"
      }
    },
    {
      "name": "JSON: 5 deep",
      "scope": "meta meta meta meta meta meta.structure.dictionary.value string",
      "settings": {
        "foreground": "#ffb86c"
      }
    },
    {
      "name": "JSON: 4 deep",
      "scope": "meta meta meta meta meta.structure.dictionary.value string",
      "settings": {
        "foreground": "#ff79c6"
      }
    },
    {
      "name": "JSON: 3 deep",
      "scope": "meta meta meta meta.structure.dictionary.value string",
      "settings": {
        "foreground": "#bd93f9"
      }
    },
    {
      "name": "JSON: 2 deep",
      "scope": "meta meta meta.structure.dictionary.value string",
      "settings": {
        "foreground": "#50fa7b"
      }
    },
    {
      "name": "JSON:  1 deep",
      "scope": "meta meta.structure.dictionary.value string",
      "settings": {
        "foreground": "#ffb86c"
      }
    },
    {
      "name": "Markup: strike",
      "scope": "markup.strike",
      "settings": {
        "fontStyle": "italic",
        "foreground": "#FFB86C"
      }
    },
    {
      "name": "Markup: bold",
      "scope": "markup.bold",
      "settings": {
        "fontStyle": "bold",
        "foreground": "#FFB86C"
      }
    },
    {
      "name": "Markup: italic",
      "scope": "markup.italic",
      "settings": {
        "fontStyle": "italic",
        "foreground": "#FFB86C"
      }
    },
    {
      "name": "Markdown: heading",
      "scope": "markup.heading",
      "settings": {
        "foreground": "#8BE9FD"
      }
    },
    {
      "name": "Markdown: List Items Punctuation",
      "scope": "punctuation.definition.list_item.markdown",
      "settings": {
        "foreground": "#FF79C6"
      }
    },
    {
      "name": "Markdown: Blockquote",
      "scope": "markup.quote",
      "settings": {
        "fontStyle": "italic",
        "foreground": "#6272A4"
      }
    },
    {
      "name": "Markdown: Blockquote Punctuation",
      "scope": "punctuation.definition.blockquote.markdown",
      "settings": {
        "fontStyle": "italic",
        "foreground": "#6272A4",
        "background": "#6272A4"
      }
    },
    {
      "name": "Markdown: Separator",
      "scope": "meta.separator",
      "settings": {
        "foreground": "#6272A4"
      }
    },
    {
      "name": "Markup: raw inline",
      "scope": "text.html.markdown markup.raw.inline",
      "settings": {
        "foreground": "#50FA7B"
      }
    },
    {
      "name": "Markup: underline",
      "scope": "markup.underline",
      "settings": {
        "fontStyle": "underline",
        "foreground": "#BD93F9"
      }
    },
    {
      "name": "Markup: Raw block",
      "scope": "markup.raw.block",
      "settings": {
        "foreground": "#CFCFC2"
      }
    },
    {
      "name": "Markdown: Raw Block fenced source",
      "scope": "markup.raw.block.fenced.markdown source",
      "settings": {
        "foreground": "#F8F8F2"
      }
    },
    {
      "name": "Markdown: Fenced Bode Block",
      "scope": "punctuation.definition.fenced.markdown, variable.language.fenced.markdown",
      "settings": {
        "fontStyle": "italic",
        "foreground": "#6272A4"
      }
    },
    {
      "name": "Markdown: Fenced Language",
      "scope": "variable.language.fenced.markdown",
      "settings": {
        "fontStyle": "italic",
        "foreground": "#6272A4"
      }
    },
    {
      "name": "Punctuation Accessor",
      "scope": "punctuation.accessor",
      "settings": {
        "foreground": "#FF79C6"
      }
    },
    {
      "name": "Meta Function Return Type",
      "scope": "meta.function.return-type",
      "settings": {
        "foreground": "#FF79C6"
      }
    },
    {
      "name": "Punctuation Section Block Begin",
      "scope": "punctuation.section.block.begin",
      "settings": {
        "foreground": "#ffffff"
      }
    },
    {
      "name": "Punctuation Section Block End",
      "scope": "punctuation.section.block.end",
      "settings": {
        "foreground": "#ffffff"
      }
    },
    {
      "name": "Punctuation Section Embedded Begin",
      "scope": "punctuation.section.embedded.begin",
      "settings": {
        "foreground": "#ff79c6"
      }
    },
    {
      "name": "Punctuation Section Embedded End",
      "scope": "punctuation.section.embedded.end",
      "settings": {
        "foreground": "#ff79c6"
      }
    },
    {
      "name": "Punctuation Separator Namespace",
      "scope": "punctuation.separator.namespace",
      "settings": {
        "foreground": "#ff79c6"
      }
    },
    {
      "name": "Variable Function",
      "scope": "variable.function",
      "settings": {
        "foreground": "#50fa7b"
      }
    },
    {
      "name": "Variable Other",
      "scope": "variable.other",
      "settings": {
        "foreground": "#ffffff"
      }
    },
    {
      "name": "Variable Language",
      "scope": "variable.language",
      "settings": {
        "foreground": "#bd93f9"
      }
    },
    {
      "name": "Entity Name Module Ruby",
      "scope": "entity.name.module.ruby",
      "settings": {
        "foreground": "#8be9fd"
      }
    },
    {
      "name": "Entity Name Constant Ruby",
      "scope": "entity.name.constant.ruby",
      "settings": {
        "foreground": "#bd93f9"
      }
    },
    {
      "name": "Support Function Builtin Ruby",
      "scope": "support.function.builtin.ruby",
      "settings": {
        "foreground": "#ffffff"
      }
    },
    {
      "name": "Storage Type Namespace CS",
      "scope": "storage.type.namespace.cs",
      "settings": {
        "foreground": "#ff79c6"
      }
    },
    {
      "name": "Entity Name Namespace CS",
      "scope": "entity.name.namespace.cs",
      "settings": {
        "foreground": "#8be9fd"
      }
    }
  ],
  "name": "Dracula",
  "colorSpaceName": "sRGB",
  "uuid": "83091B89-765E-4F0D-9275-0EC6CB084126"
}
