{
  "name": "GitHub",
  "settings": [
    {
      "settings": {
        "bracketsOptions": "underline",
        "gutter": "#ffffff",
        "findHighlightForeground": "#323232",
        "foreground": "#323232",
        "background": "#ffffff",
        "caret": "#323232",
        "selection": "#f8eec7",
        "tagsOptions": "underline",
        "activeGuide": "#b3b3b3",
        "bracketsForeground": "#63a35c",
        "findHighlight": "#f8eec7",
        "guide": "#e8e8e8",
        "invisibles": "#000000",
        "bracketContentsOptions": "underline",
        "gutterForeground": "#b3b3b3",
        "stackGuide": "#e8e8e8",
        "bracketContentsForeground": "#63a35c",
        "lineHighlight": "#f5f5f5",
        "selectionBorder": "#ffffff",
        "tagsForeground": "#63a35c"
      }
    },
    {
      "name": "Comment",
      "scope": "comment",
      "settings": {
        "foreground": "#969896",
        "fontStyle": "italic"
      }
    },
    {
      "name": "String",
      "scope": "string",
      "settings": {
        "foreground": "#183691"
      }
    },
    {
      "name": "RegExp Operator",
      "scope": "regexp-operator",
      "settings": {
        "foreground": "#a71d5d"
      }
    },
    {
      "name": "RegExp Character Class",
      "scope": "string.regexp.characterclass punctuation.definition.string.begin, string.regexp.characterclass punctuation.definition.string.end",
      "settings": {
        "foreground": "#a71d5d"
      }
    },
    {
      "name": "Number",
      "scope": "constant.numeric",
      "settings": {
        "foreground": "#0086b3"
      }
    },
    {
      "name": "Built-in Constant",
      "scope": "constant.language",
      "settings": {
        "foreground": "#0086b3"
      }
    },
    {
      "name": "User-defined Constant",
      "scope": "constant.character, constant.other, variable.other.constant",
      "settings": {
        "foreground": "#0086b3"
      }
    },
    {
      "name": "Variable",
      "scope": "variable",
      "settings": {
        "foreground": "#323232"
      }
    },
    {
      "name": "Keyword",
      "scope": "keyword",
      "settings": {
        "foreground": "#a71d5d",
        "fontStyle": "bold"
      }
    },
    {
      "name": "Bitwise",
      "scope": "bitwise-operator",
      "settings": {
        "foreground": "#a71d5d",
        "fontStyle": "bold"
      }
    },
    {
      "name": "Operator Accessor",
      "scope": "punctuation.accessor",
      "settings": {
        "foreground": "#a71d5d",
        "fontStyle": "bold"
      }
    },
    {
      "name": "Storage",
      "scope": "storage",
      "settings": {
        "foreground": "#a71d5d",
        "fontStyle": "bold"
      }
    },
    {
      "name": "Storage Type",
      "scope": "storage.type",
      "settings": {
        "foreground": "#a71d5d",
        "fontStyle": "bold"
      }
    },
    {
      "name": "Class Name",
      "scope": "entity.name.class",
      "settings": {
        "foreground": "#0086b3"
      }
    },
    {
      "name": "Inherited Class",
      "scope": "entity.other.inherited-class",
      "settings": {
        "foreground": "#0086b3"
      }
    },
    {
      "name": "Function Name",
      "scope": "entity.name.function",
      "settings": {
        "foreground": "#795da3",
        "fontStyle": "bold"
      }
    },
    {
      "name": "Function Argument",
      "scope": "variable.parameter",
      "settings": {
        "foreground": "#323232"
      }
    },
    {
      "name": "Tag Name",
      "scope": "entity.name.tag",
      "settings": {
        "foreground": "#63a35c"
      }
    },
    {
      "name": "Tag Attribute",
      "scope": "entity.other.attribute-name",
      "settings": {
        "foreground": "#795da3"
      }
    },
    {
      "name": "Library Function",
      "scope": "support.function",
      "settings": {
        "foreground": "#62a35c"
      }
    },
    {
      "name": "Library Constant",
      "scope": "support.constant",
      "settings": {
        "foreground": "#0086b3"
      }
    },
    {
      "name": "Library Class",
      "scope": "support.type, support.class",
      "settings": {
        "foreground": "#0086b3"
      }
    },
    {
      "name": "Library Variable",
      "scope": "support.other.variable",
      "settings": {
        "foreground": "#323232"
      }
    },
    {
      "name": "Invalid",
      "scope": "invalid, invalid.illegal, invalid.deprecated",
      "settings": {
        "foreground": "#b52a1d",
        "fontStyle": "bold",
        "background": "#f5f5f5"
      }
    },
    {
      "name": "Find-in-files Filename",
      "scope": "entity.name.filename.find-in-files",
      "settings": {
        "foreground": "#323232",
        "fontStyle": "bold"
      }
    },
    {
      "name": "Find-in-files Line Numbers",
      "scope": "constant.numeric.line-number.find-in-files, constant.numeric.line-number.match.find-in-files",
      "settings": {
        "foreground": "#b3b3b3"
      }
    },
    {
      "name": "Diff Header",
      "scope": "meta.diff.header",
      "settings": {
        "foreground": "#969896",
        "fontStyle": "italic",
        "background": "#ffffff"
      }
    },
    {
      "name": "Diff Header",
      "scope": "meta.diff.header punctuation.definition.from-file.diff",
      "settings": {
        "foreground": "#bd2c00",
        "fontStyle": "italic bold",
        "background": "#ffecec"
      }
    },
    {
      "name": "Diff Header",
      "scope": "meta.diff.header punctuation.definition.to-file.diff",
      "settings": {
        "foreground": "#55a532",
        "fontStyle": "italic bold",
        "background": "#eaffea"
      }
    },
    {
      "name": "Diff Range",
      "scope": "meta.diff.range",
      "settings": {
        "foreground": "#969896",
        "fontStyle": "italic bold"
      }
    },
    {
      "name": "Diff Deleted",
      "scope": "markup.deleted",
      "settings": {
        "background": "#ffecec"
      }
    },
    {
      "name": "Diff Deleted Punctuation",
      "scope": "markup.deleted punctuation.definition.inserted",
      "settings": {
        "foreground": "#bd2c00",
        "fontStyle": "bold"
      }
    },
    {
      "name": "Diff Inserted",
      "scope": "markup.inserted",
      "settings": {
        "background": "#eaffea"
      }
    },
    {
      "name": "Diff Inserted Punctuation",
      "scope": "markup.inserted punctuation.definition.inserted",
      "settings": {
        "foreground": "#55a532",
        "fontStyle": "bold"
      }
    },
    {
      "name": "GitGutter Deleted",
      "scope": "markup.deleted.git_gutter",
      "settings": {
        "foreground": "#bd2c00"
      }
    },
    {
      "name": "GitGutter Inserted",
      "scope": "markup.inserted.git_gutter",
      "settings": {
        "foreground": "#55a532"
      }
    },
    {
      "name": "GitGutter Modified",
      "scope": "markup.changed.git_gutter",
      "settings": {
        "foreground": "#0086B3"
      }
    },
    {
      "name": "GitGutter Ignored",
      "scope": "markup.ignored.git_gutter",
      "settings": {
        "foreground": "#b3b3b3"
      }
    },
    {
      "name": "GitGutter Untracked",
      "scope": "markup.untracked.git_gutter",
      "settings": {
        "foreground": "#b3b3b3"
      }
    },
    {
      "name": "Entity Punctuation",
      "scope": "source.css punctuation.definition.entity",
      "settings": {
        "foreground": "#323232"
      }
    },
    {
      "name": "Pseudo Selector",
      "scope": "source.css entity.other.attribute-name.pseudo-class, source.css entity.other.attribute-name.pseudo-element",
      "settings": {
        "foreground": "#a71d5d"
      }
    },
    {
      "name": "Property Value",
      "scope": "source.css meta.value, source.css support.constant, source.css support.function",
      "settings": {
        "foreground": "#323232"
      }
    },
    {
      "name": "Color",
      "scope": "source.css constant.other.color",
      "settings": {
        "foreground": "#ed6a43"
      }
    },
    {
      "name": "Entity Punctuation",
      "scope": "source.scss punctuation.definition.entity",
      "settings": {
        "foreground": "#323232"
      }
    },
    {
      "name": "Pseudo Selector",
      "scope": "source.scss entity.other.attribute-name.pseudo-class, source.scss entity.other.attribute-name.pseudo-element",
      "settings": {
        "foreground": "#a71d5d"
      }
    },
    {
      "name": "Color",
      "scope": "source.scss support.constant.property-value, source.scss support.function",
      "settings": {
        "foreground": "#323232"
      }
    },
    {
      "name": "Variable",
      "scope": "source.scss variable",
      "settings": {
        "foreground": "#a71d5d"
      }
    },
    {
      "name": "this",
      "scope": "variable.language.this.js",
      "settings": {
        "foreground": "#ed6a43"
      }
    },
    {
      "name": "Function",
      "scope": "source.js entity.name.function",
      "settings": {
        "foreground": "#323232",
        "fontStyle": "regular"
      }
    },
    {
      "name": "Function Definition",
      "scope": "source.js meta.function entity.name.function, source.js entity.name.function meta.function",
      "settings": {
        "foreground": "#795da3",
        "fontStyle": "bold"
      }
    },
    {
      "name": "New Function",
      "scope": "entity.name.type.new.js",
      "settings": {
        "foreground": "#795da3"
      }
    },
    {
      "name": "Function Prototype",
      "scope": "variable.language.prototype.js",
      "settings": {
        "foreground": "#0086b3"
      }
    },
    {
      "name": "Support Function",
      "scope": "source.js support.function",
      "settings": {
        "foreground": "#0086b3"
      }
    },
    {
      "name": "Function Prototype",
      "scope": "support.type.object.console.js",
      "settings": {
        "foreground": "#795da3"
      }
    },
    {
      "name": "JSON Property - 20 Deep",
      "scope": "meta meta meta meta meta meta meta meta meta meta meta meta meta meta meta meta meta meta meta meta meta.structure.dictionary.json string.quoted.double.json",
      "settings": {
        "foreground": "#183691",
        "fontStyle": "bold"
      }
    },
    {
      "name": "JSON Value - 20 Deep",
      "scope": "meta meta meta meta meta meta meta meta meta meta meta meta meta meta meta meta meta meta meta meta meta.structure.dictionary.json meta.structure.dictionary.value.json string.quoted.double.json",
      "settings": {
        "foreground": "#323232",
        "fontStyle": "regular"
      }
    },
    {
      "name": "JSON Property - 19 Deep",
      "scope": "meta meta meta meta meta meta meta meta meta meta meta meta meta meta meta meta meta meta meta meta.structure.dictionary.json string.quoted.double.json",
      "settings": {
        "foreground": "#183691",
        "fontStyle": "bold"
      }
    },
    {
      "name": "JSON Value - 19 Deep",
      "scope": "meta meta meta meta meta meta meta meta meta meta meta meta meta meta meta meta meta meta meta meta.structure.dictionary.json meta.structure.dictionary.value.json string.quoted.double.json",
      "settings": {
        "foreground": "#323232",
        "fontStyle": "regular"
      }
    },
    {
      "name": "JSON Property - 18 Deep",
      "scope": "meta meta meta meta meta meta meta meta meta meta meta meta meta meta meta meta meta meta meta.structure.dictionary.json string.quoted.double.json",
      "settings": {
        "foreground": "#183691",
        "fontStyle": "bold"
      }
    },
    {
      "name": "JSON Value - 18 Deep",
      "scope": "meta meta meta meta meta meta meta meta meta meta meta meta meta meta meta meta meta meta meta.structure.dictionary.json meta.structure.dictionary.value.json string.quoted.double.json",
      "settings": {
        "foreground": "#323232",
        "fontStyle": "regular"
      }
    },
    {
      "name": "JSON Property - 17 Deep",
      "scope": "meta meta meta meta meta meta meta meta meta meta meta meta meta meta meta meta meta meta.structure.dictionary.json string.quoted.double.json",
      "settings": {
        "foreground": "#183691",
        "fontStyle": "bold"
      }
    },
    {
      "name": "JSON Value - 17 Deep",
      "scope": "meta meta meta meta meta meta meta meta meta meta meta meta meta meta meta meta meta meta.structure.dictionary.json meta.structure.dictionary.value.json string.quoted.double.json",
      "settings": {
        "foreground": "#323232",
        "fontStyle": "regular"
      }
    },
    {
      "name": "JSON Property - 16 Deep",
      "scope": "meta meta meta meta meta meta meta meta meta meta meta meta meta meta meta meta meta.structure.dictionary.json string.quoted.double.json",
      "settings": {
        "foreground": "#183691",
        "fontStyle": "bold"
      }
    },
    {
      "name": "JSON Value - 16 Deep",
      "scope": "meta meta meta meta meta meta meta meta meta meta meta meta meta meta meta meta meta.structure.dictionary.json meta.structure.dictionary.value.json string.quoted.double.json",
      "settings": {
        "foreground": "#323232",
        "fontStyle": "regular"
      }
    },
    {
      "name": "JSON Property - 15 Deep",
      "scope": "meta meta meta meta meta meta meta meta meta meta meta meta meta meta meta meta.structure.dictionary.json string.quoted.double.json",
      "settings": {
        "foreground": "#183691",
        "fontStyle": "bold"
      }
    },
    {
      "name": "JSON Value - 15 Deep",
      "scope": "meta meta meta meta meta meta meta meta meta meta meta meta meta meta meta meta.structure.dictionary.json meta.structure.dictionary.value.json string.quoted.double.json",
      "settings": {
        "foreground": "#323232",
        "fontStyle": "regular"
      }
    },
    {
      "name": "JSON Property - 14 Deep",
      "scope": "meta meta meta meta meta meta meta meta meta meta meta meta meta meta meta.structure.dictionary.json string.quoted.double.json",
      "settings": {
        "foreground": "#183691",
        "fontStyle": "bold"
      }
    },
    {
      "name": "JSON Value - 14 Deep",
      "scope": "meta meta meta meta meta meta meta meta meta meta meta meta meta meta meta.structure.dictionary.json meta.structure.dictionary.value.json string.quoted.double.json",
      "settings": {
        "foreground": "#323232",
        "fontStyle": "regular"
      }
    },
    {
      "name": "JSON Property - 13 Deep",
      "scope": "meta meta meta meta meta meta meta meta meta meta meta meta meta meta.structure.dictionary.json string.quoted.double.json",
      "settings": {
        "foreground": "#183691",
        "fontStyle": "bold"
      }
    },
    {
      "name": "JSON Value - 13 Deep",
      "scope": "meta meta meta meta meta meta meta meta meta meta meta meta meta meta.structure.dictionary.json meta.structure.dictionary.value.json string.quoted.double.json",
      "settings": {
        "foreground": "#323232",
        "fontStyle": "regular"
      }
    },
    {
      "name": "JSON Property - 12 Deep",
      "scope": "meta meta meta meta meta meta meta meta meta meta meta meta meta.structure.dictionary.json string.quoted.double.json",
      "settings": {
        "foreground": "#183691",
        "fontStyle": "bold"
      }
    },
    {
      "name": "JSON Value - 12 Deep",
      "scope": "meta meta meta meta meta meta meta meta meta meta meta meta meta.structure.dictionary.json meta.structure.dictionary.value.json string.quoted.double.json",
      "settings": {
        "foreground": "#323232",
        "fontStyle": "regular"
      }
    },
    {
      "name": "JSON Property - 11 Deep",
      "scope": "meta meta meta meta meta meta meta meta meta meta meta meta.structure.dictionary.json string.quoted.double.json",
      "settings": {
        "foreground": "#183691",
        "fontStyle": "bold"
      }
    },
    {
      "name": "JSON Value - 11 Deep",
      "scope": "meta meta meta meta meta meta meta meta meta meta meta meta.structure.dictionary.json meta.structure.dictionary.value.json string.quoted.double.json",
      "settings": {
        "foreground": "#323232",
        "fontStyle": "regular"
      }
    },
    {
      "name": "JSON Property - 10 Deep",
      "scope": "meta meta meta meta meta meta meta meta meta meta meta.structure.dictionary.json string.quoted.double.json",
      "settings": {
        "foreground": "#183691",
        "fontStyle": "bold"
      }
    },
    {
      "name": "JSON Value - 10 Deep",
      "scope": "meta meta meta meta meta meta meta meta meta meta meta.structure.dictionary.json meta.structure.dictionary.value.json string.quoted.double.json",
      "settings": {
        "foreground": "#323232",
        "fontStyle": "regular"
      }
    },
    {
      "name": "JSON Property - 9 Deep",
      "scope": "meta meta meta meta meta meta meta meta meta meta.structure.dictionary.json string.quoted.double.json",
      "settings": {
        "foreground": "#183691",
        "fontStyle": "bold"
      }
    },
    {
      "name": "JSON Value - 9 Deep",
      "scope": "meta meta meta meta meta meta meta meta meta meta.structure.dictionary.json meta.structure.dictionary.value.json string.quoted.double.json",
      "settings": {
        "foreground": "#323232",
        "fontStyle": "regular"
      }
    },
    {
      "name": "JSON Property - 8 Deep",
      "scope": "meta meta meta meta meta meta meta meta meta.structure.dictionary.json string.quoted.double.json",
      "settings": {
        "foreground": "#183691",
        "fontStyle": "bold"
      }
    },
    {
      "name": "JSON Value - 8 Deep",
      "scope": "meta meta meta meta meta meta meta meta meta.structure.dictionary.json meta.structure.dictionary.value.json string.quoted.double.json",
      "settings": {
        "foreground": "#323232",
        "fontStyle": "regular"
      }
    },
    {
      "name": "JSON Property - 7 Deep",
      "scope": "meta meta meta meta meta meta meta meta.structure.dictionary.json string.quoted.double.json",
      "settings": {
        "foreground": "#183691",
        "fontStyle": "bold"
      }
    },
    {
      "name": "JSON Value - 7 Deep",
      "scope": "meta meta meta meta meta meta meta meta.structure.dictionary.json meta.structure.dictionary.value.json string.quoted.double.json",
      "settings": {
        "foreground": "#323232",
        "fontStyle": "regular"
      }
    },
    {
      "name": "JSON Property - 6 Deep",
      "scope": "meta meta meta meta meta meta meta.structure.dictionary.json string.quoted.double.json",
      "settings": {
        "foreground": "#183691",
        "fontStyle": "bold"
      }
    },
    {
      "name": "JSON Value - 6 Deep",
      "scope": "meta meta meta meta meta meta meta.structure.dictionary.json meta.structure.dictionary.value.json string.quoted.double.json",
      "settings": {
        "foreground": "#323232",
        "fontStyle": "regular"
      }
    },
    {
      "name": "JSON Property - 5 Deep",
      "scope": "meta meta meta meta meta meta.structure.dictionary.json string.quoted.double.json",
      "settings": {
        "foreground": "#183691",
        "fontStyle": "bold"
      }
    },
    {
      "name": "JSON Value - 5 Deep",
      "scope": "meta meta meta meta meta meta.structure.dictionary.json meta.structure.dictionary.value.json string.quoted.double.json",
      "settings": {
        "foreground": "#323232",
        "fontStyle": "regular"
      }
    },
    {
      "name": "JSON Property - 4 Deep",
      "scope": "meta meta meta meta meta.structure.dictionary.json string.quoted.double.json",
      "settings": {
        "foreground": "#183691",
        "fontStyle": "bold"
      }
    },
    {
      "name": "JSON Value - 4 Deep",
      "scope": "meta meta meta meta meta.structure.dictionary.json meta.structure.dictionary.value.json string.quoted.double.json",
      "settings": {
        "foreground": "#323232",
        "fontStyle": "regular"
      }
    },
    {
      "name": "JSON Property - 3 Deep",
      "scope": "meta meta meta meta.structure.dictionary.json string.quoted.double.json",
      "settings": {
        "foreground": "#183691",
        "fontStyle": "bold"
      }
    },
    {
      "name": "JSON Value - 3 Deep",
      "scope": "meta meta meta meta.structure.dictionary.json meta.structure.dictionary.value.json string.quoted.double.json",
      "settings": {
        "foreground": "#323232",
        "fontStyle": "regular"
      }
    },
    {
      "name": "JSON Property - 2 Deep",
      "scope": "meta meta meta.structure.dictionary.json string.quoted.double.json",
      "settings": {
        "foreground": "#183691",
        "fontStyle": "bold"
      }
    },
    {
      "name": "JSON Value - 2 Deep",
      "scope": "meta meta meta.structure.dictionary.json meta.structure.dictionary.value.json string.quoted.double.json",
      "settings": {
        "foreground": "#323232",
        "fontStyle": "regular"
      }
    },
    {
      "name": "JSON Property - 1 Deep",
      "scope": "meta meta.structure.dictionary.json string.quoted.double.json",
      "settings": {
        "foreground": "#183691",
        "fontStyle": "bold"
      }
    },
    {
      "name": "JSON Value - 1 Deep",
      "scope": "meta meta.structure.dictionary.json meta.structure.dictionary.value.json string.quoted.double.json",
      "settings": {
        "foreground": "#323232",
        "fontStyle": "regular"
      }
    },
    {
      "name": "JSON Property",
      "scope": "meta.structure.dictionary.json string.quoted.double.json",
      "settings": {
        "foreground": "#183691",
        "fontStyle": "bold"
      }
    },
    {
      "name": "JSON Value",
      "scope": "meta.structure.dictionary.json meta.structure.dictionary.value.json string.quoted.double.json",
      "settings": {
        "foreground": "#323232",
        "fontStyle": "regular"
      }
    },
    {
      "name": "Keyword",
      "scope": "source.python keyword",
      "settings": {
        "fontStyle": "bold"
      }
    },
    {
      "name": "Storage",
      "scope": "source.python storage",
      "settings": {
        "fontStyle": "bold"
      }
    },
    {
      "name": "Storage Type",
      "scope": "source.python storage.type",
      "settings": {
        "fontStyle": "bold"
      }
    },
    {
      "name": "Function",
      "scope": "source.python entity.name.function",
      "settings": {
        "foreground": "#323232",
        "fontStyle": "bold"
      }
    },
    {
      "name": "Class",
      "scope": "source.php entity.name.type.class",
      "settings": {
        "foreground": "#323232",
        "fontStyle": "bold"
      }
    },
    {
      "name": "Language Variable",
      "scope": "variable.language.ruby",
      "settings": {
        "foreground": "#ed6a43"
      }
    },
    {
      "name": "Module Name",
      "scope": "entity.name.type.module.ruby",
      "settings": {
        "foreground": "#795da3",
        "fontStyle": "bold"
      }
    },
    {
      "name": "Class Name",
      "scope": "entity.name.type.class.ruby",
      "settings": {
        "foreground": "#795da3",
        "fontStyle": "bold"
      }
    },
    {
      "name": "Inherited Class",
      "scope": "entity.other.inherited-class.ruby",
      "settings": {
        "foreground": "#795da3",
        "fontStyle": "bold"
      }
    },
    {
      "name": "Punctuation",
      "scope": "text.html.markdown punctuation.definition",
      "settings": {
        "foreground": "#a71d5d"
      }
    },
    {
      "name": "Separator",
      "scope": "text.html.markdown meta.separator",
      "settings": {
        "foreground": "#b3b3b3"
      }
    },
    {
      "name": "Heading",
      "scope": "text.html.markdown markup.heading",
      "settings": {
        "fontStyle": "bold"
      }
    },
    {
      "name": "Code Block",
      "scope": "text.html.markdown markup.raw.block",
      "settings": {
        "foreground": "#323232"
      }
    },
    {
      "name": "Inline Code",
      "scope": "text.html.markdown markup.raw.inline",
      "settings": {
        "foreground": "#323232"
      }
    },
    {
      "name": "Link and Image",
      "scope": "text.html.markdown meta.link, text.html.markdown meta.image",
      "settings": {
        "foreground": "#4183c4"
      }
    },
    {
      "name": "Link URL",
      "scope": "text.html.markdown markup.underline.link, text.html.markdown constant.other.reference",
      "settings": {
        "fontStyle": "italic"
      }
    },
    {
      "name": "List",
      "scope": "text.html.markdown markup.list",
      "settings": {
        "foreground": "#ed6a43"
      }
    },
    {
      "name": "Bold",
      "scope": "text.html.markdown markup.bold",
      "settings": {
        "fontStyle": "bold"
      }
    },
    {
      "name": "Italic",
      "scope": "text.html.markdown markup.italic",
      "settings": {
        "fontStyle": "italic"
      }
    },
    {
      "name": "Bold Italic",
      "scope": "text.html.markdown markup.bold markup.italic",
      "settings": {
        "fontStyle": "bold italic"
      }
    },
    {
      "name": "Italic Bold",
      "scope": "text.html.markdown markup.italic markup.bold",
      "settings": {
        "fontStyle": "italic bold"
      }
    }
  ]
}
