{
  "author": "Mattia Astorino",
  "semanticClass": "material.theme.palenight",
  "settings": [
    {
      "name": "mon_color",
      "scope": "mcol_3B8070FF",
      "settings": {
        "foreground": "#7FC3B3FF",
        "caret": "#7FC3B3FF",
        "background": "#3B8070FF"
      }
    },
    {
      "name": "mon_text_color",
      "scope": "mcol_text_3B8070FF",
      "settings": {
        "foreground": "#3B8070FF",
        "caret": "#7FC3B3FF",
        "background": "#3B8071FF"
      }
    },
    {
      "name": "mon_color",
      "scope": "mcol_3B8070FF",
      "settings": {
        "foreground": "#7FC3B3FF",
        "caret": "#7FC3B3FF",
        "background": "#3B8070FF"
      }
    },
    {
      "name": "mon_text_color",
      "scope": "mcol_text_3B8070FF",
      "settings": {
        "foreground": "#3B8070FF",
        "caret": "#7FC3B3FF",
        "background": "#3B8071FF"
      }
    },
    {
      "name": "mon_color",
      "scope": "mcol_3B8070FF",
      "settings": {
        "foreground": "#7FC3B3FF",
        "caret": "#7FC3B3FF",
        "background": "#3B8070FF"
      }
    },
    {
      "name": "mon_text_color",
      "scope": "mcol_text_3B8070FF",
      "settings": {
        "foreground": "#3B8070FF",
        "caret": "#7FC3B3FF",
        "background": "#3B8071FF"
      }
    },
    {
      "name": "mon_color",
      "scope": "mcol_3B8070FF",
      "settings": {
        "foreground": "#7FC3B3FF",
        "caret": "#7FC3B3FF",
        "background": "#3B8070FF"
      }
    },
    {
      "name": "mon_text_color",
      "scope": "mcol_text_3B8070FF",
      "settings": {
        "foreground": "#3B8070FF",
        "caret": "#7FC3B3FF",
        "background": "#fbfbfcFF"
      }
    },
    {
      "name": "mon_color",
      "scope": "mcol_fbfbfbFF",
      "settings": {
        "foreground": "#040404FF",
        "caret": "#040404FF",
        "background": "#fbfbfbFF"
      }
    },
    {
      "name": "mon_text_color",
      "scope": "mcol_text_fbfbfbFF",
      "settings": {
        "foreground": "#fbfbfbFF",
        "caret": "#040404FF",
        "background": "#292D3fFF"
      }
    },
    {
      "name": "mon_color",
      "scope": "mcol_e8ecedFF",
      "settings": {
        "foreground": "#111516FF",
        "caret": "#111516FF",
        "background": "#e8ecedFF"
      }
    },
    {
      "name": "mon_text_color",
      "scope": "mcol_text_e8ecedFF",
      "settings": {
        "foreground": "#e8ecedFF",
        "caret": "#111516FF",
        "background": "#292D3fFF"
      }
    },
    {
      "name": "mon_color",
      "scope": "mcol_3B8070FF",
      "settings": {
        "foreground": "#7FC3B3FF",
        "caret": "#7FC3B3FF",
        "background": "#3B8070FF"
      }
    },
    {
      "name": "mon_text_color",
      "scope": "mcol_text_3B8070FF",
      "settings": {
        "foreground": "#3B8070FF",
        "caret": "#7FC3B3FF",
        "background": "#292D3fFF"
      }
    },
    {
      "name": "mon_color",
      "scope": "mcol_0000000D",
      "settings": {
        "foreground": "#FFFFFFFF",
        "caret": "#FFFFFFFF",
        "background": "#0000000D"
      }
    },
    {
      "name": "mon_text_color",
      "scope": "mcol_text_0000000D",
      "settings": {
        "foreground": "#0000000D",
        "caret": "#FFFFFFFF",
        "background": "#292D3fFF"
      }
    },
    {
      "name": "mon_color",
      "scope": "mcol_f7f9fbFF",
      "settings": {
        "foreground": "#040608FF",
        "caret": "#040608FF",
        "background": "#f7f9fbFF"
      }
    },
    {
      "name": "mon_text_color",
      "scope": "mcol_text_f7f9fbFF",
      "settings": {
        "foreground": "#f7f9fbFF",
        "caret": "#040608FF",
        "background": "#292D3fFF"
      }
    },
    {
      "settings": {
        "guide": "#4E557980",
        "caret": "#FFCC00",
        "findHighlight": "#F8E71C",
        "phantomCss": " html { background-color: #292D3E; color: #959DCB; padding: 16px; } a { color: #B2CCD6; line-height: 16px; } .error, .deleted { color: #FF5370; } .success, .inserted { color: #C3E88D; } .warning, .modified { color: #FFCB6B; } .type { color: #89DDFF; font-style: italic; } .param { color: #F78C6C; } .current { text-decoration: underline; } ",
        "shadow": "#00000010",
        "stackGuide": "#4E5579",
        "lineHighlight": "#00000030",
        "gutterForeground": "#3A3F58",
        "foreground": "#959DCB",
        "background": "#292D3E",
        "selectionBorder": "#717CB440",
        "activeGuide": "#828ED5",
        "invisibles": "#4E5579",
        "selection": "#717CB440"
      }
    },
    {
      "name": "Comments",
      "scope": "comment, punctuation.definition.comment",
      "settings": {
        "fontStyle": "italic",
        "foreground": "#676E95"
      }
    },
    {
      "name": "Variable",
      "scope": "variable, string constant.other.placeholder",
      "settings": {
        "foreground": "#959DCB"
      }
    },
    {
      "name": "Colors",
      "scope": "constant.other.color",
      "settings": {
        "foreground": "#ffffff"
      }
    },
    {
      "name": "Invalid",
      "scope": "invalid, invalid.illegal, invalid.broken",
      "settings": {
        "foreground": "#ffffff",
        "background": "#FF5370"
      }
    },
    {
      "name": "Unimplemented",
      "scope": "invalid.unimplemented",
      "settings": {
        "foreground": "#ffffff",
        "background": "#C3E88D"
      }
    },
    {
      "name": "Invalid deprecated",
      "scope": "invalid.deprecated",
      "settings": {
        "foreground": "#ffffff",
        "background": "#C792EA"
      }
    },
    {
      "name": "Keyword, Storage",
      "scope": "keyword, storage.type, storage.modifier",
      "settings": {
        "foreground": "#C792EA"
      }
    },
    {
      "name": "Keyword, Storage",
      "scope": "storage.type, keyword.control",
      "settings": {
        "fontStyle": "italic"
      }
    },
    {
      "name": "Operator, Misc",
      "scope": "keyword.operator, constant.other.color, punctuation, meta.tag, punctuation.definition.tag, punctuation.separator.inheritance.php, punctuation.definition.tag.html, punctuation.definition.tag.begin.html, punctuation.definition.tag.end.html, punctuation.section.embedded, keyword.other.template, keyword.other.substitution",
      "settings": {
        "foreground": "#89DDFF"
      }
    },
    {
      "name": "Tag",
      "scope": "entity.name.tag, meta.tag.sgml, markup.deleted.git_gutter",
      "settings": {
        "foreground": "#f07178"
      }
    },
    {
      "name": "Function, Special Method, Block Level",
      "scope": "entity.name.function, meta.function-call, variable.function, support.function, keyword.other.special-method, meta.block-level",
      "settings": {
        "foreground": "#82AAFF"
      }
    },
    {
      "name": "Other Variable, String Link",
      "scope": "support.other.variable, string.other.link",
      "settings": {
        "foreground": "#f07178"
      }
    },
    {
      "name": "Number, Constant, Function Argument, Tag Attribute, Embedded",
      "scope": "constant.numeric, constant.language, support.constant, constant.character, variable.parameter, keyword.other.unit",
      "settings": {
        "foreground": "#F78C6C"
      }
    },
    {
      "name": "String, Symbols, Inherited Class, Markup Heading",
      "scope": "string, constant.other.symbol, constant.other.key, entity.other.inherited-class, markup.heading, markup.inserted.git_gutter, meta.group.braces.curly constant.other.object.key.js string.unquoted.label.js",
      "settings": {
        "fontStyle": "normal",
        "foreground": "#C3E88D"
      }
    },
    {
      "name": "Class, Support",
      "scope": "entity.name.class, entity.name.type.class, support.type, support.class, support.orther.namespace.use.php, meta.use.php, support.other.namespace.php, markup.changed.git_gutter, support.type.sys-types",
      "settings": {
        "foreground": "#FFCB6B"
      }
    },
    {
      "name": "CSS Class and Support",
      "scope": "source.css support.type, source.sass support.type, source.scss support.type, source.less support.type, source.stylus support.type",
      "settings": {
        "foreground": "#B2CCD6"
      }
    },
    {
      "name": "Sub-methods",
      "scope": "entity.name.module.js, variable.import.parameter.js, variable.other.class.js",
      "settings": {
        "foreground": "#FF5370"
      }
    },
    {
      "name": "Language methods",
      "scope": "variable.language",
      "settings": {
        "fontStyle": "italic",
        "foreground": "#FF5370"
      }
    },
    {
      "name": "entity.name.method.js",
      "scope": "entity.name.method.js",
      "settings": {
        "foreground": "#82AAFF"
      }
    },
    {
      "name": "meta.method.js",
      "scope": "meta.class-method.js entity.name.function.js, variable.function.constructor",
      "settings": {
        "foreground": "#82AAFF"
      }
    },
    {
      "name": "Attributes",
      "scope": "entity.other.attribute-name",
      "settings": {
        "foreground": "#C792EA"
      }
    },
    {
      "name": "HTML Attributes",
      "scope": "text.html.basic entity.other.attribute-name.html, text.html.basic entity.other.attribute-name",
      "settings": {
        "fontStyle": "italic",
        "foreground": "#FFCB6B"
      }
    },
    {
      "name": "CSS Classes",
      "scope": "entity.other.attribute-name.class",
      "settings": {
        "foreground": "#FFCB6B"
      }
    },
    {
      "name": "CSS Id",
      "scope": "source.sass keyword.control",
      "settings": {
        "foreground": "#82AAFF"
      }
    },
    {
      "name": "Inserted",
      "scope": "markup.inserted",
      "settings": {
        "foreground": "#C3E88D"
      }
    },
    {
      "name": "Deleted",
      "scope": "markup.deleted",
      "settings": {
        "foreground": "#FF5370"
      }
    },
    {
      "name": "Changed",
      "scope": "markup.changed",
      "settings": {
        "foreground": "#C792EA"
      }
    },
    {
      "name": "Regular Expressions",
      "scope": "string.regexp",
      "settings": {
        "foreground": "#89DDFF"
      }
    },
    {
      "name": "Escape Characters",
      "scope": "constant.character.escape",
      "settings": {
        "foreground": "#89DDFF"
      }
    },
    {
      "name": "URL",
      "scope": "*url*, *link*, *uri*",
      "settings": {
        "fontStyle": "underline"
      }
    },
    {
      "name": "Search Results Nums",
      "scope": "constant.numeric.line-number.find-in-files - match",
      "settings": {
        "foreground": "#C17E70"
      }
    },
    {
      "name": "Search Results Lines",
      "scope": "entity.name.filename.find-in-files",
      "settings": {
        "foreground": "#C3E88D"
      }
    },
    {
      "name": "Decorators",
      "scope": "tag.decorator.js entity.name.tag.js, tag.decorator.js punctuation.definition.tag.js",
      "settings": {
        "fontStyle": "italic",
        "foreground": "#82AAFF"
      }
    },
    {
      "name": "ES7 Bind Operator",
      "scope": "source.js constant.other.object.key.js string.unquoted.label.js",
      "settings": {
        "fontStyle": "italic",
        "foreground": "#FF5370"
      }
    },
    {
      "name": "JSON Key - Level 8",
      "scope": "source.json meta meta meta meta meta meta meta meta meta meta meta meta meta meta meta meta.structure.dictionary.json string.quoted.double.json - meta meta meta meta meta meta meta meta meta meta meta meta meta meta meta meta.structure.dictionary.json meta.structure.dictionary.value.json string.quoted.double.json, source.json meta meta meta meta meta meta meta meta meta meta meta meta meta meta meta meta.structure.dictionary.json punctuation.definition.string - meta meta meta meta meta meta meta meta meta meta meta meta meta meta meta meta.structure.dictionary.json meta.structure.dictionary.value.json punctuation.definition.string",
      "settings": {
        "foreground": "#C3E88D"
      }
    },
    {
      "name": "JSON Key - Level 7",
      "scope": "source.json meta meta meta meta meta meta meta meta meta meta meta meta meta meta.structure.dictionary.json string.quoted.double.json - meta meta meta meta meta meta meta meta meta meta meta meta meta meta.structure.dictionary.json meta.structure.dictionary.value.json string.quoted.double.json, source.json meta meta meta meta meta meta meta meta meta meta meta meta meta meta.structure.dictionary.json punctuation.definition.string - meta meta meta meta meta meta meta meta meta meta meta meta meta meta.structure.dictionary.json meta.structure.dictionary.value.json punctuation.definition.string",
      "settings": {
        "foreground": "#C792EA"
      }
    },
    {
      "name": "JSON Key - Level 6",
      "scope": "source.json meta meta meta meta meta meta meta meta meta meta meta meta.structure.dictionary.json string.quoted.double.json - meta meta meta meta meta meta meta meta meta meta meta meta.structure.dictionary.json meta.structure.dictionary.value.json string.quoted.double.json, source.json meta meta meta meta meta meta meta meta meta meta meta meta.structure.dictionary.json punctuation.definition.string - meta meta meta meta meta meta meta meta meta meta meta meta.structure.dictionary.json meta.structure.dictionary.value.json punctuation.definition.string",
      "settings": {
        "foreground": "#f07178"
      }
    },
    {
      "name": "JSON Key - Level 5",
      "scope": "source.json meta meta meta meta meta meta meta meta meta meta.structure.dictionary.json string.quoted.double.json - meta meta meta meta meta meta meta meta meta meta.structure.dictionary.json meta.structure.dictionary.value.json string.quoted.double.json, source.json meta meta meta meta meta meta meta meta meta meta.structure.dictionary.json punctuation.definition.string - meta meta meta meta meta meta meta meta meta meta.structure.dictionary.json meta.structure.dictionary.value.json punctuation.definition.string",
      "settings": {
        "foreground": "#82AAFF"
      }
    },
    {
      "name": "JSON Key - Level 4",
      "scope": "source.json meta meta meta meta meta meta meta meta.structure.dictionary.json string.quoted.double.json - meta meta meta meta meta meta meta meta.structure.dictionary.json meta.structure.dictionary.value.json string.quoted.double.json, source.json meta meta meta meta meta meta meta meta.structure.dictionary.json punctuation.definition.string - meta meta meta meta meta meta meta meta.structure.dictionary.json meta.structure.dictionary.value.json punctuation.definition.string",
      "settings": {
        "foreground": "#C17E70"
      }
    },
    {
      "name": "JSON Key - Level 3",
      "scope": "source.json meta meta meta meta meta meta.structure.dictionary.json string.quoted.double.json - meta meta meta meta meta meta.structure.dictionary.json meta.structure.dictionary.value.json string.quoted.double.json, source.json meta meta meta meta meta meta.structure.dictionary.json punctuation.definition.string - meta meta meta meta meta meta.structure.dictionary.json meta.structure.dictionary.value.json punctuation.definition.string",
      "settings": {
        "foreground": "#FF5370"
      }
    },
    {
      "name": "JSON Key - Level 2",
      "scope": "source.json meta meta meta meta.structure.dictionary.json string.quoted.double.json - meta meta meta meta.structure.dictionary.json meta.structure.dictionary.value.json string.quoted.double.json, source.json meta meta meta meta.structure.dictionary.json punctuation.definition.string - meta meta meta meta.structure.dictionary.json meta.structure.dictionary.value.json punctuation.definition.string",
      "settings": {
        "foreground": "#F78C6C"
      }
    },
    {
      "name": "JSON Key - Level 1",
      "scope": "source.json meta meta.structure.dictionary.json string.quoted.double.json - meta meta.structure.dictionary.json meta.structure.dictionary.value.json string.quoted.double.json, source.json meta meta.structure.dictionary.json punctuation.definition.string - meta meta.structure.dictionary.json meta.structure.dictionary.value.json punctuation.definition.string",
      "settings": {
        "foreground": "#FFCB6B"
      }
    },
    {
      "name": "JSON Key - Level 0",
      "scope": "source.json meta.structure.dictionary.json string.quoted.double.json - meta.structure.dictionary.json meta.structure.dictionary.value.json string.quoted.double.json, source.json meta.structure.dictionary.json punctuation.definition.string - meta.structure.dictionary.json meta.structure.dictionary.value.json punctuation.definition.string",
      "settings": {
        "foreground": "#C792EA"
      }
    },
    {
      "name": "Markdown - Plain",
      "scope": "text.html.markdown, punctuation.definition.list_item.markdown",
      "settings": {
        "foreground": "#959DCB"
      }
    },
    {
      "name": "Markdown - Markup Raw Inline",
      "scope": "text.html.markdown markup.raw.inline",
      "settings": {
        "foreground": "#C792EA"
      }
    },
    {
      "name": "Markdown - Markup Raw Inline Punctuation",
      "scope": "text.html.markdown punctuation.definition.raw.markdown",
      "settings": {
        "foreground": "#4E5579"
      }
    },
    {
      "name": "Markdown - Line Break",
      "scope": "text.html.markdown meta.dummy.line-break",
      "settings": {
        "foreground": ""
      }
    },
    {
      "name": "Markdown - Heading",
      "scope": "markdown.heading, markup.heading | markup.heading entity.name, markup.heading.markdown punctuation.definition.heading.markdown",
      "settings": {
        "foreground": "#C3E88D"
      }
    },
    {
      "name": "Markup - Italic",
      "scope": "markup.italic",
      "settings": {
        "fontStyle": "italic",
        "foreground": "#f07178"
      }
    },
    {
      "name": "Markup - Bold",
      "scope": "markup.bold, markup.bold string",
      "settings": {
        "fontStyle": "bold",
        "foreground": "#f07178"
      }
    },
    {
      "name": "Markup - Bold & Italic",
      "scope": "markup.bold markup.italic, markup.italic markup.bold, markup.quote markup.bold, markup.bold markup.italic string, markup.italic markup.bold string, markup.quote markup.bold string",
      "settings": {
        "fontStyle": "bold italic"
      }
    },
    {
      "name": "Markup - Underline",
      "scope": "markup.underline",
      "settings": {
        "fontStyle": "underline",
        "foreground": "#F78C6C"
      }
    },
    {
      "name": "Markup - Strike",
      "scope": "markup.strike",
      "settings": {
        "fontStyle": "strike",
        "foreground": ""
      }
    },
    {
      "name": "Markdown - Blockquote",
      "scope": "markup.quote punctuation.definition.blockquote.markdown",
      "settings": {
        "foreground": "#4E5579",
        "background": "#4E5579"
      }
    },
    {
      "name": "Markup - Quote",
      "scope": "markup.quote",
      "settings": {
        "fontStyle": "italic",
        "foreground": ""
      }
    },
    {
      "name": "Markdown - Link",
      "scope": "string.other.link.title.markdown",
      "settings": {
        "foreground": "#82AAFF"
      }
    },
    {
      "name": "Markdown - Link Description",
      "scope": "string.other.link.description.title.markdown",
      "settings": {
        "foreground": "#C792EA"
      }
    },
    {
      "name": "Markdown - Link Anchor",
      "scope": "constant.other.reference.link.markdown",
      "settings": {
        "foreground": "#FFCB6B"
      }
    },
    {
      "name": "Markup - Raw Block",
      "scope": "markup.raw.block",
      "settings": {
        "foreground": "#C792EA"
      }
    },
    {
      "name": "Markdown - Raw Block Fenced",
      "scope": "markup.raw.block.fenced.markdown",
      "settings": {
        "background": "#00000030"
      }
    },
    {
      "name": "Markdown - Fenced Bode Block",
      "scope": "punctuation.definition.fenced.markdown",
      "settings": {
        "background": "#00000030"
      }
    },
    {
      "name": "Markdown - Fenced Bode Block Variable",
      "scope": "markup.raw.block.fenced.markdown, variable.language.fenced.markdown, punctuation.section.class.end",
      "settings": {
        "foreground": "#959DCB"
      }
    },
    {
      "name": "Markdown - Fenced Language",
      "scope": "variable.language.fenced.markdown",
      "settings": {
        "fontStyle": "",
        "foreground": "#4E5579"
      }
    },
    {
      "name": "Markdown - Punctuation Definition",
      "scope": "text.html.markdown punctuation.definition",
      "settings": {
        "foreground": "#676E95"
      }
    },
    {
      "name": "Markdown HTML - Punctuation Definition",
      "scope": "text.html.markdown meta.disable-markdown punctuation.definition",
      "settings": {
        "foreground": "#89DDFF"
      }
    },
    {
      "name": "Markdown - Separator",
      "scope": "meta.separator",
      "settings": {
        "fontStyle": "bold",
        "foreground": "#4E5579",
        "background": "#00000030"
      }
    },
    {
      "name": "Markup - Table",
      "scope": "markup.table",
      "settings": {
        "foreground": "#959DCB",
        "background": ""
      }
    },
    {
      "name": "AceJump Label - Blue",
      "scope": "acejump.label.blue",
      "settings": {
        "foreground": "#ffffff",
        "background": "#82AAFF"
      }
    },
    {
      "name": "AceJump Label - Green",
      "scope": "acejump.label.green",
      "settings": {
        "foreground": "#ffffff",
        "background": "#C3E88D"
      }
    },
    {
      "name": "AceJump Label - Orange",
      "scope": "acejump.label.orange",
      "settings": {
        "foreground": "#ffffff",
        "background": "#F78C6C"
      }
    },
    {
      "name": "AceJump Label - Purple",
      "scope": "acejump.label.purple",
      "settings": {
        "foreground": "#ffffff",
        "background": "#C792EA"
      }
    },
    {
      "name": "SublimeLinter Warning",
      "scope": "sublimelinter.mark.warning",
      "settings": {
        "foreground": "#FFCB6B"
      }
    },
    {
      "name": "SublimeLinter Gutter Mark",
      "scope": "sublimelinter.gutter-mark",
      "settings": {
        "foreground": "#ffffff"
      }
    },
    {
      "name": "SublimeLinter Error",
      "scope": "sublimelinter.mark.error",
      "settings": {
        "foreground": "#FF5370"
      }
    },
    {
      "name": "SublimeLinter Annotation",
      "scope": "sublimelinter.annotations",
      "settings": {
        "background": "#C17E70"
      }
    },
    {
      "name": "GitGutter Ignored",
      "scope": "markup.ignored.git_gutter",
      "settings": {
        "foreground": "#4E5579"
      }
    },
    {
      "name": "GitGutter Untracked",
      "scope": "markup.untracked.git_gutter",
      "settings": {
        "foreground": "#4E5579"
      }
    },
    {
      "name": "GitGutter Inserted",
      "scope": "markup.inserted.git_gutter",
      "settings": {
        "foreground": "#C3E88D"
      }
    },
    {
      "name": "GitGutter Changed",
      "scope": "markup.changed.git_gutter",
      "settings": {
        "foreground": "#FFCB6B"
      }
    },
    {
      "name": "GitGutter Deleted",
      "scope": "markup.deleted.git_gutter",
      "settings": {
        "foreground": "#FF5370"
      }
    },
    {
      "name": "Bracket Curly",
      "scope": "brackethighlighter.default",
      "settings": {
        "foreground": "#B2CCD6"
      }
    },
    {
      "name": "Bracket Quote",
      "scope": "brackethighlighter.quote",
      "settings": {
        "foreground": "#C3E88D"
      }
    },
    {
      "name": "Bracket Unmatched",
      "scope": "brackethighlighter.unmatched",
      "settings": {
        "foreground": "#FF5370"
      }
    },
    {
      "name": "CH_color",
      "scope": "CH_color_04b3baff",
      "settings": {
        "foreground": "#45F3FBFF",
        "caret": "#45F3FBFF",
        "background": "#04b3baff"
      }
    },
    {
      "scope": "CH_text_color_04b3baff",
      "settings": {
        "foreground": "#04b3baff",
        "caret": "#45F3FBFF",
        "background": "#3B8071FF"
      }
    },
    {
      "name": "CH_color",
      "scope": "CH_color_0abea2ff",
      "settings": {
        "foreground": "#41F4D9FF",
        "caret": "#41F4D9FF",
        "background": "#0abea2ff"
      }
    },
    {
      "scope": "CH_text_color_0abea2ff",
      "settings": {
        "foreground": "#0abea2ff",
        "caret": "#41F4D9FF",
        "background": "#3B8071FF"
      }
    },
    {
      "name": "CH_color",
      "scope": "CH_color_f1f1f1ff",
      "settings": {
        "foreground": "#0E0E0EFF",
        "caret": "#0E0E0EFF",
        "background": "#f1f1f1ff"
      }
    },
    {
      "scope": "CH_text_color_f1f1f1ff",
      "settings": {
        "foreground": "#f1f1f1ff",
        "caret": "#0E0E0EFF",
        "background": "#3B8071FF"
      }
    },
    {
      "name": "CH_color",
      "scope": "CH_color_04b3b9ff",
      "settings": {
        "foreground": "#45F4FBFF",
        "caret": "#45F4FBFF",
        "background": "#04b3b9ff"
      }
    },
    {
      "scope": "CH_text_color_04b3b9ff",
      "settings": {
        "foreground": "#04b3b9ff",
        "caret": "#45F4FBFF",
        "background": "#3B8071FF"
      }
    },
    {
      "name": "CH_color",
      "scope": "CH_color_f7f7f7ff",
      "settings": {
        "foreground": "#080808FF",
        "caret": "#080808FF",
        "background": "#f7f7f7ff"
      }
    },
    {
      "scope": "CH_text_color_f7f7f7ff",
      "settings": {
        "foreground": "#f7f7f7ff",
        "caret": "#080808FF",
        "background": "#3B8071FF"
      }
    },
    {
      "name": "CH_color",
      "scope": "CH_color_003366ff",
      "settings": {
        "foreground": "#99CBFFFF",
        "caret": "#99CBFFFF",
        "background": "#003366ff"
      }
    },
    {
      "scope": "CH_text_color_003366ff",
      "settings": {
        "foreground": "#003366ff",
        "caret": "#99CBFFFF",
        "background": "#3B8071FF"
      }
    },
    {
      "name": "CH_color",
      "scope": "CH_color_f8f9faff",
      "settings": {
        "foreground": "#050607FF",
        "caret": "#050607FF",
        "background": "#f8f9faff"
      }
    },
    {
      "scope": "CH_text_color_f8f9faff",
      "settings": {
        "foreground": "#f8f9faff",
        "caret": "#050607FF",
        "background": "#3B8071FF"
      }
    },
    {
      "name": "CH_color",
      "scope": "CH_color_868e96ff",
      "settings": {
        "foreground": "#232628FF",
        "caret": "#232628FF",
        "background": "#868e96ff"
      }
    },
    {
      "scope": "CH_text_color_868e96ff",
      "settings": {
        "foreground": "#868e96ff",
        "caret": "#232628FF",
        "background": "#3B8071FF"
      }
    },
    {
      "name": "CH_color",
      "scope": "CH_color_343a40ff",
      "settings": {
        "foreground": "#BFC5CBFF",
        "caret": "#BFC5CBFF",
        "background": "#343a40ff"
      }
    },
    {
      "scope": "CH_text_color_343a40ff",
      "settings": {
        "foreground": "#343a40ff",
        "caret": "#BFC5CBFF",
        "background": "#3B8071FF"
      }
    },
    {
      "name": "CH_color",
      "scope": "CH_color_23d160ff",
      "settings": {
        "foreground": "#0A411EFF",
        "caret": "#0A411EFF",
        "background": "#23d160ff"
      }
    },
    {
      "scope": "CH_text_color_23d160ff",
      "settings": {
        "foreground": "#23d160ff",
        "caret": "#0A411EFF",
        "background": "#3B8071FF"
      }
    },
    {
      "name": "CH_color",
      "scope": "CH_color_17a2b8ff",
      "settings": {
        "foreground": "#47D2E8FF",
        "caret": "#47D2E8FF",
        "background": "#17a2b8ff"
      }
    },
    {
      "scope": "CH_text_color_17a2b8ff",
      "settings": {
        "foreground": "#17a2b8ff",
        "caret": "#47D2E8FF",
        "background": "#3B8071FF"
      }
    },
    {
      "name": "CH_color",
      "scope": "CH_color_ffdd57ff",
      "settings": {
        "foreground": "#A78500FF",
        "caret": "#A78500FF",
        "background": "#ffdd57ff"
      }
    },
    {
      "scope": "CH_text_color_ffdd57ff",
      "settings": {
        "foreground": "#ffdd57ff",
        "caret": "#A78500FF",
        "background": "#3B8071FF"
      }
    },
    {
      "name": "CH_color",
      "scope": "CH_color_ff3860ff",
      "settings": {
        "foreground": "#C60027FF",
        "caret": "#C60027FF",
        "background": "#ff3860ff"
      }
    },
    {
      "scope": "CH_text_color_ff3860ff",
      "settings": {
        "foreground": "#ff3860ff",
        "caret": "#C60027FF",
        "background": "#3B8071FF"
      }
    },
    {
      "name": "CH_color",
      "scope": "CH_color_ff11ff11",
      "settings": {
        "foreground": "#4C004CFF",
        "caret": "#4C004CFF",
        "background": "#ff11ff11"
      }
    },
    {
      "scope": "CH_text_color_ff11ff11",
      "settings": {
        "foreground": "#ff11ff11",
        "caret": "#4C004CFF",
        "background": "#3B8071FF"
      }
    },
    {
      "name": "CH_color",
      "scope": "CH_color_ff11ffff",
      "settings": {
        "foreground": "#4C004CFF",
        "caret": "#4C004CFF",
        "background": "#ff11ffff"
      }
    },
    {
      "scope": "CH_text_color_ff11ffff",
      "settings": {
        "foreground": "#ff11ffff",
        "caret": "#4C004CFF",
        "background": "#3B8071FF"
      }
    },
    {
      "name": "CH_color",
      "scope": "CH_color_f3f7faff",
      "settings": {
        "foreground": "#05090CFF",
        "caret": "#05090CFF",
        "background": "#f3f7faff"
      }
    },
    {
      "scope": "CH_text_color_f3f7faff",
      "settings": {
        "foreground": "#f3f7faff",
        "caret": "#05090CFF",
        "background": "#3B8071FF"
      }
    },
    {
      "name": "CH_color",
      "scope": "CH_color_002663ff",
      "settings": {
        "foreground": "#9CC2FFFF",
        "caret": "#9CC2FFFF",
        "background": "#002663ff"
      }
    },
    {
      "scope": "CH_text_color_002663ff",
      "settings": {
        "foreground": "#002663ff",
        "caret": "#9CC2FFFF",
        "background": "#3B8071FF"
      }
    },
    {
      "name": "CH_color",
      "scope": "CH_color_2366d1ff",
      "settings": {
        "foreground": "#0A1F41FF",
        "caret": "#0A1F41FF",
        "background": "#2366d1ff"
      }
    },
    {
      "scope": "CH_text_color_2366d1ff",
      "settings": {
        "foreground": "#2366d1ff",
        "caret": "#0A1F41FF",
        "background": "#3B8071FF"
      }
    },
    {
      "name": "CH_color",
      "scope": "CH_color_007bffff",
      "settings": {
        "foreground": "#00244CFF",
        "caret": "#00244CFF",
        "background": "#007bffff"
      }
    },
    {
      "scope": "CH_text_color_007bffff",
      "settings": {
        "foreground": "#007bffff",
        "caret": "#00244CFF",
        "background": "#3B8071FF"
      }
    },
    {
      "name": "CH_color",
      "scope": "CH_color_00b89cff",
      "settings": {
        "foreground": "#46FFE3FF",
        "caret": "#46FFE3FF",
        "background": "#00b89cff"
      }
    },
    {
      "scope": "CH_text_color_00b89cff",
      "settings": {
        "foreground": "#00b89cff",
        "caret": "#46FFE3FF",
        "background": "#3B8071FF"
      }
    },
    {
      "name": "CH_color",
      "scope": "CH_color_00d1b2ff",
      "settings": {
        "foreground": "#2EFFDFFF",
        "caret": "#2EFFDFFF",
        "background": "#00d1b2ff"
      }
    },
    {
      "scope": "CH_text_color_00d1b2ff",
      "settings": {
        "foreground": "#00d1b2ff",
        "caret": "#2EFFDFFF",
        "background": "#3B8071FF"
      }
    },
    {
      "name": "CH_color",
      "scope": "CH_color_f9f9fbff",
      "settings": {
        "foreground": "#040406FF",
        "caret": "#040406FF",
        "background": "#f9f9fbff"
      }
    },
    {
      "scope": "CH_text_color_f9f9fbff",
      "settings": {
        "foreground": "#f9f9fbff",
        "caret": "#040406FF",
        "background": "#3B8071FF"
      }
    },
    {
      "name": "CH_color",
      "scope": "CH_color_5f697aff",
      "settings": {
        "foreground": "#21252BFF",
        "caret": "#21252BFF",
        "background": "#5f697aff"
      }
    },
    {
      "scope": "CH_text_color_5f697aff",
      "settings": {
        "foreground": "#5f697aff",
        "caret": "#21252BFF",
        "background": "#3B8071FF"
      }
    },
    {
      "name": "CH_color",
      "scope": "CH_color_212529ff",
      "settings": {
        "foreground": "#D5DADEFF",
        "caret": "#D5DADEFF",
        "background": "#212529ff"
      }
    },
    {
      "scope": "CH_text_color_212529ff",
      "settings": {
        "foreground": "#212529ff",
        "caret": "#D5DADEFF",
        "background": "#3B8071FF"
      }
    },
    {
      "name": "CH_color",
      "scope": "CH_color_00000013",
      "settings": {
        "foreground": "#FFFFFFFF",
        "caret": "#FFFFFFFF",
        "background": "#00000013"
      }
    },
    {
      "scope": "CH_text_color_00000013",
      "settings": {
        "foreground": "#00000013",
        "caret": "#FFFFFFFF",
        "background": "#3B8071FF"
      }
    },
    {
      "name": "CH_color",
      "scope": "CH_color_444444ff",
      "settings": {
        "foreground": "#BBBBBBFF",
        "caret": "#BBBBBBFF",
        "background": "#444444ff"
      }
    },
    {
      "scope": "CH_text_color_444444ff",
      "settings": {
        "foreground": "#444444ff",
        "caret": "#BBBBBBFF",
        "background": "#3B8071FF"
      }
    },
    {
      "name": "CH_color",
      "scope": "CH_color_e3342fff",
      "settings": {
        "foreground": "#430A09FF",
        "caret": "#430A09FF",
        "background": "#e3342fff"
      }
    },
    {
      "scope": "CH_text_color_e3342fff",
      "settings": {
        "foreground": "#e3342fff",
        "caret": "#430A09FF",
        "background": "#3B8071FF"
      }
    },
    {
      "name": "CH_color",
      "scope": "CH_color_f2f2f2ff",
      "settings": {
        "foreground": "#0D0D0DFF",
        "caret": "#0D0D0DFF",
        "background": "#f2f2f2ff"
      }
    },
    {
      "scope": "CH_text_color_f2f2f2ff",
      "settings": {
        "foreground": "#f2f2f2ff",
        "caret": "#0D0D0DFF",
        "background": "#3B8071FF"
      }
    },
    {
      "name": "CH_color",
      "scope": "CH_color_ffffffff",
      "settings": {
        "foreground": "#000000FF",
        "caret": "#000000FF",
        "background": "#ffffffff"
      }
    },
    {
      "scope": "CH_text_color_ffffffff",
      "settings": {
        "foreground": "#ffffffff",
        "caret": "#000000FF",
        "background": "#3B8071FF"
      }
    },
    {
      "name": "CH_color",
      "scope": "CH_color_fafafaff",
      "settings": {
        "foreground": "#050505FF",
        "caret": "#050505FF",
        "background": "#fafafaff"
      }
    },
    {
      "scope": "CH_text_color_fafafaff",
      "settings": {
        "foreground": "#fafafaff",
        "caret": "#050505FF",
        "background": "#3B8071FF"
      }
    },
    {
      "name": "CH_color",
      "scope": "CH_color_f5f7faff",
      "settings": {
        "foreground": "#050709FF",
        "caret": "#050709FF",
        "background": "#f5f7faff"
      }
    },
    {
      "scope": "CH_text_color_f5f7faff",
      "settings": {
        "foreground": "#f5f7faff",
        "caret": "#050709FF",
        "background": "#3B8071FF"
      }
    },
    {
      "name": "CH_color",
      "scope": "CH_color_0000000d",
      "settings": {
        "foreground": "#FFFFFFFF",
        "caret": "#FFFFFFFF",
        "background": "#0000000d"
      }
    },
    {
      "scope": "CH_text_color_0000000d",
      "settings": {
        "foreground": "#0000000d",
        "caret": "#FFFFFFFF",
        "background": "#3B8071FF"
      }
    },
    {
      "name": "CH_color",
      "scope": "CH_color_f7f9fbff",
      "settings": {
        "foreground": "#040608FF",
        "caret": "#040608FF",
        "background": "#f7f9fbff"
      }
    },
    {
      "scope": "CH_text_color_f7f9fbff",
      "settings": {
        "foreground": "#f7f9fbff",
        "caret": "#040608FF",
        "background": "#3B8071FF"
      }
    },
    {
      "name": "CH_color",
      "scope": "CH_color_fbfbfbff",
      "settings": {
        "foreground": "#040404FF",
        "caret": "#040404FF",
        "background": "#fbfbfbff"
      }
    },
    {
      "scope": "CH_text_color_fbfbfbff",
      "settings": {
        "foreground": "#fbfbfbff",
        "caret": "#040404FF",
        "background": "#3B8071FF"
      }
    },
    {
      "name": "CH_color",
      "scope": "CH_color_e8ecedff",
      "settings": {
        "foreground": "#111516FF",
        "caret": "#111516FF",
        "background": "#e8ecedff"
      }
    },
    {
      "scope": "CH_text_color_e8ecedff",
      "settings": {
        "foreground": "#e8ecedff",
        "caret": "#111516FF",
        "background": "#3B8071FF"
      }
    },
    {
      "name": "CH_color",
      "scope": "CH_color_f5f8faff",
      "settings": {
        "foreground": "#050709FF",
        "caret": "#050709FF",
        "background": "#f5f8faff"
      }
    },
    {
      "scope": "CH_text_color_f5f8faff",
      "settings": {
        "foreground": "#f5f8faff",
        "caret": "#050709FF",
        "background": "#3B8071FF"
      }
    },
    {
      "name": "CH_color",
      "scope": "CH_color_3097d1ff",
      "settings": {
        "foreground": "#0D2D3EFF",
        "caret": "#0D2D3EFF",
        "background": "#3097d1ff"
      }
    },
    {
      "scope": "CH_text_color_3097d1ff",
      "settings": {
        "foreground": "#3097d1ff",
        "caret": "#0D2D3EFF",
        "background": "#3B8071FF"
      }
    },
    {
      "name": "CH_color",
      "scope": "CH_color_8eb4cbff",
      "settings": {
        "foreground": "#345970FF",
        "caret": "#345970FF",
        "background": "#8eb4cbff"
      }
    },
    {
      "scope": "CH_text_color_8eb4cbff",
      "settings": {
        "foreground": "#8eb4cbff",
        "caret": "#345970FF",
        "background": "#3B8071FF"
      }
    },
    {
      "name": "CH_color",
      "scope": "CH_color_2ab27bff",
      "settings": {
        "foreground": "#0E3D2AFF",
        "caret": "#0E3D2AFF",
        "background": "#2ab27bff"
      }
    },
    {
      "scope": "CH_text_color_2ab27bff",
      "settings": {
        "foreground": "#2ab27bff",
        "caret": "#0E3D2AFF",
        "background": "#3B8071FF"
      }
    },
    {
      "name": "CH_color",
      "scope": "CH_color_cbb956ff",
      "settings": {
        "foreground": "#3A3412FF",
        "caret": "#3A3412FF",
        "background": "#cbb956ff"
      }
    },
    {
      "scope": "CH_text_color_cbb956ff",
      "settings": {
        "foreground": "#cbb956ff",
        "caret": "#3A3412FF",
        "background": "#3B8071FF"
      }
    },
    {
      "name": "CH_color",
      "scope": "CH_color_bf5329ff",
      "settings": {
        "foreground": "#3E1B0DFF",
        "caret": "#3E1B0DFF",
        "background": "#bf5329ff"
      }
    },
    {
      "scope": "CH_text_color_bf5329ff",
      "settings": {
        "foreground": "#bf5329ff",
        "caret": "#3E1B0DFF",
        "background": "#3B8071FF"
      }
    },
    {
      "name": "CH_color",
      "scope": "CH_color_636b6fff",
      "settings": {
        "foreground": "#90989CFF",
        "caret": "#90989CFF",
        "background": "#636b6fff"
      }
    },
    {
      "scope": "CH_text_color_636b6fff",
      "settings": {
        "foreground": "#636b6fff",
        "caret": "#90989CFF",
        "background": "#3B8071FF"
      }
    },
    {
      "name": "CH_color",
      "scope": "CH_color_ccccccff",
      "settings": {
        "foreground": "#323232FF",
        "caret": "#323232FF",
        "background": "#ccccccff"
      }
    },
    {
      "scope": "CH_text_color_ccccccff",
      "settings": {
        "foreground": "#ccccccff",
        "caret": "#323232FF",
        "background": "#3B8071FF"
      }
    },
    {
      "name": "CH_color",
      "scope": "CH_color_00000026",
      "settings": {
        "foreground": "#FFFFFFFF",
        "caret": "#FFFFFFFF",
        "background": "#00000026"
      }
    },
    {
      "scope": "CH_text_color_00000026",
      "settings": {
        "foreground": "#00000026",
        "caret": "#FFFFFFFF",
        "background": "#3B8071FF"
      }
    },
    {
      "name": "CH_color",
      "scope": "CH_color_0000002d",
      "settings": {
        "foreground": "#FFFFFFFF",
        "caret": "#FFFFFFFF",
        "background": "#0000002d"
      }
    },
    {
      "scope": "CH_text_color_0000002d",
      "settings": {
        "foreground": "#0000002d",
        "caret": "#FFFFFFFF",
        "background": "#3B8071FF"
      }
    },
    {
      "name": "CH_color",
      "scope": "CH_color_777777ff",
      "settings": {
        "foreground": "#262626FF",
        "caret": "#262626FF",
        "background": "#777777ff"
      }
    },
    {
      "scope": "CH_text_color_777777ff",
      "settings": {
        "foreground": "#777777ff",
        "caret": "#262626FF",
        "background": "#3B8071FF"
      }
    },
    {
      "name": "CH_color",
      "scope": "CH_color_000000cc",
      "settings": {
        "foreground": "#FFFFFFFF",
        "caret": "#FFFFFFFF",
        "background": "#000000cc"
      }
    },
    {
      "scope": "CH_text_color_000000cc",
      "settings": {
        "foreground": "#000000cc",
        "caret": "#FFFFFFFF",
        "background": "#3B8071FF"
      }
    },
    {
      "name": "CH_color",
      "scope": "CH_color_000000e6",
      "settings": {
        "foreground": "#FFFFFFFF",
        "caret": "#FFFFFFFF",
        "background": "#000000e6"
      }
    },
    {
      "scope": "CH_text_color_000000e6",
      "settings": {
        "foreground": "#000000e6",
        "caret": "#FFFFFFFF",
        "background": "#3B8071FF"
      }
    },
    {
      "name": "CH_color",
      "scope": "CH_color_2b2b2bff",
      "settings": {
        "foreground": "#D3D3D3FF",
        "caret": "#D3D3D3FF",
        "background": "#2b2b2bff"
      }
    },
    {
      "scope": "CH_text_color_2b2b2bff",
      "settings": {
        "foreground": "#2b2b2bff",
        "caret": "#D3D3D3FF",
        "background": "#3B8071FF"
      }
    },
    {
      "name": "CH_color",
      "scope": "CH_color_262626ff",
      "settings": {
        "foreground": "#D9D9D9FF",
        "caret": "#D9D9D9FF",
        "background": "#262626ff"
      }
    },
    {
      "scope": "CH_text_color_262626ff",
      "settings": {
        "foreground": "#262626ff",
        "caret": "#D9D9D9FF",
        "background": "#3B8071FF"
      }
    },
    {
      "name": "CH_color",
      "scope": "CH_color_337ab7ff",
      "settings": {
        "foreground": "#10273BFF",
        "caret": "#10273BFF",
        "background": "#337ab7ff"
      }
    },
    {
      "scope": "CH_text_color_337ab7ff",
      "settings": {
        "foreground": "#337ab7ff",
        "caret": "#10273BFF",
        "background": "#3B8071FF"
      }
    },
    {
      "name": "CH_color",
      "scope": "CH_color_eeeeeeff",
      "settings": {
        "foreground": "#101010FF",
        "caret": "#101010FF",
        "background": "#eeeeeeff"
      }
    },
    {
      "scope": "CH_text_color_eeeeeeff",
      "settings": {
        "foreground": "#eeeeeeff",
        "caret": "#101010FF",
        "background": "#3B8071FF"
      }
    },
    {
      "name": "CH_color",
      "scope": "CH_color_333333ff",
      "settings": {
        "foreground": "#CCCCCCFF",
        "caret": "#CCCCCCFF",
        "background": "#333333ff"
      }
    },
    {
      "scope": "CH_text_color_333333ff",
      "settings": {
        "foreground": "#333333ff",
        "caret": "#CCCCCCFF",
        "background": "#3B8071FF"
      }
    },
    {
      "name": "CH_color",
      "scope": "CH_color_f9f9f9ff",
      "settings": {
        "foreground": "#060606FF",
        "caret": "#060606FF",
        "background": "#f9f9f9ff"
      }
    },
    {
      "scope": "CH_text_color_f9f9f9ff",
      "settings": {
        "foreground": "#f9f9f9ff",
        "caret": "#060606FF",
        "background": "#3B8071FF"
      }
    },
    {
      "name": "CH_color",
      "scope": "CH_color_f4f4f4ff",
      "settings": {
        "foreground": "#0A0A0AFF",
        "caret": "#0A0A0AFF",
        "background": "#f4f4f4ff"
      }
    },
    {
      "scope": "CH_text_color_f4f4f4ff",
      "settings": {
        "foreground": "#f4f4f4ff",
        "caret": "#0A0A0AFF",
        "background": "#3B8071FF"
      }
    },
    {
      "name": "CH_color",
      "scope": "CH_color_3b5998ff",
      "settings": {
        "foreground": "#6784C3FF",
        "caret": "#6784C3FF",
        "background": "#3b5998ff"
      }
    },
    {
      "scope": "CH_text_color_3b5998ff",
      "settings": {
        "foreground": "#3b5998ff",
        "caret": "#6784C3FF",
        "background": "#3B8071FF"
      }
    },
    {
      "name": "CH_color",
      "scope": "CH_color_ea4634ff",
      "settings": {
        "foreground": "#450D07FF",
        "caret": "#450D07FF",
        "background": "#ea4634ff"
      }
    },
    {
      "scope": "CH_text_color_ea4634ff",
      "settings": {
        "foreground": "#ea4634ff",
        "caret": "#450D07FF",
        "background": "#3B8071FF"
      }
    },
    {
      "name": "CH_color",
      "scope": "CH_color_33ccffff",
      "settings": {
        "foreground": "#0099CCFF",
        "caret": "#0099CCFF",
        "background": "#33ccffff"
      }
    },
    {
      "scope": "CH_text_color_33ccffff",
      "settings": {
        "foreground": "#33ccffff",
        "caret": "#0099CCFF",
        "background": "#3B8071FF"
      }
    },
    {
      "name": "CH_color",
      "scope": "CH_color_4875b4ff",
      "settings": {
        "foreground": "#152336FF",
        "caret": "#152336FF",
        "background": "#4875b4ff"
      }
    },
    {
      "scope": "CH_text_color_4875b4ff",
      "settings": {
        "foreground": "#4875b4ff",
        "caret": "#152336FF",
        "background": "#3B8071FF"
      }
    },
    {
      "name": "CH_color",
      "scope": "CH_color_8a3ab9ff",
      "settings": {
        "foreground": "#2B123AFF",
        "caret": "#2B123AFF",
        "background": "#8a3ab9ff"
      }
    },
    {
      "scope": "CH_text_color_8a3ab9ff",
      "settings": {
        "foreground": "#8a3ab9ff",
        "caret": "#2B123AFF",
        "background": "#3B8071FF"
      }
    },
    {
      "name": "CH_color",
      "scope": "CH_color_7cbb00ff",
      "settings": {
        "foreground": "#BFFF43FF",
        "caret": "#BFFF43FF",
        "background": "#7cbb00ff"
      }
    },
    {
      "scope": "CH_text_color_7cbb00ff",
      "settings": {
        "foreground": "#7cbb00ff",
        "caret": "#BFFF43FF",
        "background": "#3B8071FF"
      }
    },
    {
      "name": "CH_color",
      "scope": "CH_color_45668eff",
      "settings": {
        "foreground": "#7191BAFF",
        "caret": "#7191BAFF",
        "background": "#45668eff"
      }
    },
    {
      "scope": "CH_text_color_45668eff",
      "settings": {
        "foreground": "#45668eff",
        "caret": "#7191BAFF",
        "background": "#3B8071FF"
      }
    },
    {
      "name": "CH_color",
      "scope": "CH_color_7b0099ff",
      "settings": {
        "foreground": "#E065FFFF",
        "caret": "#E065FFFF",
        "background": "#7b0099ff"
      }
    },
    {
      "scope": "CH_text_color_7b0099ff",
      "settings": {
        "foreground": "#7b0099ff",
        "caret": "#E065FFFF",
        "background": "#3B8071FF"
      }
    },
    {
      "name": "CH_color",
      "scope": "CH_color_6441a5ff",
      "settings": {
        "foreground": "#211536FF",
        "caret": "#211536FF",
        "background": "#6441a5ff"
      }
    },
    {
      "scope": "CH_text_color_6441a5ff",
      "settings": {
        "foreground": "#6441a5ff",
        "caret": "#211536FF",
        "background": "#3B8071FF"
      }
    },
    {
      "name": "CH_color",
      "scope": "CH_color_007ee5ff",
      "settings": {
        "foreground": "#002A4CFF",
        "caret": "#002A4CFF",
        "background": "#007ee5ff"
      }
    },
    {
      "scope": "CH_text_color_007ee5ff",
      "settings": {
        "foreground": "#007ee5ff",
        "caret": "#002A4CFF",
        "background": "#3B8071FF"
      }
    },
    {
      "name": "CH_color",
      "scope": "CH_color_2d333aff",
      "settings": {
        "foreground": "#C5CBD2FF",
        "caret": "#C5CBD2FF",
        "background": "#2d333aff"
      }
    },
    {
      "scope": "CH_text_color_2d333aff",
      "settings": {
        "foreground": "#2d333aff",
        "caret": "#C5CBD2FF",
        "background": "#3B8071FF"
      }
    },
    {
      "name": "CH_color",
      "scope": "CH_color_84bd00ff",
      "settings": {
        "foreground": "#C5FF41FF",
        "caret": "#C5FF41FF",
        "background": "#84bd00ff"
      }
    },
    {
      "scope": "CH_text_color_84bd00ff",
      "settings": {
        "foreground": "#84bd00ff",
        "caret": "#C5FF41FF",
        "background": "#3B8071FF"
      }
    },
    {
      "name": "CH_color",
      "scope": "CH_color_1ab7eaff",
      "settings": {
        "foreground": "#063646FF",
        "caret": "#063646FF",
        "background": "#1ab7eaff"
      }
    },
    {
      "scope": "CH_text_color_1ab7eaff",
      "settings": {
        "foreground": "#1ab7eaff",
        "caret": "#063646FF",
        "background": "#3B8071FF"
      }
    },
    {
      "name": "CH_color",
      "scope": "CH_color_c92228ff",
      "settings": {
        "foreground": "#410B0DFF",
        "caret": "#410B0DFF",
        "background": "#c92228ff"
      }
    },
    {
      "scope": "CH_text_color_c92228ff",
      "settings": {
        "foreground": "#c92228ff",
        "caret": "#410B0DFF",
        "background": "#3B8071FF"
      }
    },
    {
      "name": "CH_color",
      "scope": "CH_color_000000ff",
      "settings": {
        "foreground": "#FFFFFFFF",
        "caret": "#FFFFFFFF",
        "background": "#000000ff"
      }
    },
    {
      "scope": "CH_text_color_000000ff",
      "settings": {
        "foreground": "#000000ff",
        "caret": "#FFFFFFFF",
        "background": "#3B8071FF"
      }
    },
    {
      "name": "CH_color",
      "scope": "CH_color_2698f0ff",
      "settings": {
        "foreground": "#042A47FF",
        "caret": "#042A47FF",
        "background": "#2698f0ff"
      }
    },
    {
      "scope": "CH_text_color_2698f0ff",
      "settings": {
        "foreground": "#2698f0ff",
        "caret": "#042A47FF",
        "background": "#3B8071FF"
      }
    },
    {
      "name": "CH_color",
      "scope": "CH_color_ffd83dff",
      "settings": {
        "foreground": "#C29B00FF",
        "caret": "#C29B00FF",
        "background": "#ffd83dff"
      }
    },
    {
      "scope": "CH_text_color_ffd83dff",
      "settings": {
        "foreground": "#ffd83dff",
        "caret": "#C29B00FF",
        "background": "#3B8071FF"
      }
    },
    {
      "name": "CH_color",
      "scope": "CH_color_20bc56ff",
      "settings": {
        "foreground": "#0B411DFF",
        "caret": "#0B411DFF",
        "background": "#20bc56ff"
      }
    },
    {
      "scope": "CH_text_color_20bc56ff",
      "settings": {
        "foreground": "#20bc56ff",
        "caret": "#0B411DFF",
        "background": "#3B8071FF"
      }
    },
    {
      "name": "CH_color",
      "scope": "CH_color_15cd72ff",
      "settings": {
        "foreground": "#074526FF",
        "caret": "#074526FF",
        "background": "#15cd72ff"
      }
    },
    {
      "scope": "CH_text_color_15cd72ff",
      "settings": {
        "foreground": "#15cd72ff",
        "caret": "#074526FF",
        "background": "#3B8071FF"
      }
    },
    {
      "name": "CH_color",
      "scope": "CH_color_118fe4ff",
      "settings": {
        "foreground": "#052C47FF",
        "caret": "#052C47FF",
        "background": "#118fe4ff"
      }
    },
    {
      "scope": "CH_text_color_118fe4ff",
      "settings": {
        "foreground": "#118fe4ff",
        "caret": "#052C47FF",
        "background": "#3B8071FF"
      }
    },
    {
      "name": "CH_color",
      "scope": "CH_color_e9ecefff",
      "settings": {
        "foreground": "#0F1315FF",
        "caret": "#0F1315FF",
        "background": "#e9ecefff"
      }
    },
    {
      "scope": "CH_text_color_e9ecefff",
      "settings": {
        "foreground": "#e9ecefff",
        "caret": "#0F1315FF",
        "background": "#3B8071FF"
      }
    },
    {
      "name": "CH_color",
      "scope": "CH_color_dee2e6ff",
      "settings": {
        "foreground": "#191C21FF",
        "caret": "#191C21FF",
        "background": "#dee2e6ff"
      }
    },
    {
      "scope": "CH_text_color_dee2e6ff",
      "settings": {
        "foreground": "#dee2e6ff",
        "caret": "#191C21FF",
        "background": "#3B8071FF"
      }
    },
    {
      "name": "CH_color",
      "scope": "CH_color_00acedff",
      "settings": {
        "foreground": "#00374CFF",
        "caret": "#00374CFF",
        "background": "#00acedff"
      }
    },
    {
      "scope": "CH_text_color_00acedff",
      "settings": {
        "foreground": "#00acedff",
        "caret": "#00374CFF",
        "background": "#3B8071FF"
      }
    }
  ],
  "name": "Material-Theme-Palenight",
  "colorSpaceName": "sRGB",
  "uuid": "133d1250-19c6-4565-bc93-b37fd36f7fc9"
}
