{
  "author": "Mattia Astorino",
  "semanticClass": "theme.dark.material_theme",
  "settings": [
    {
      "settings": {
        "guide": "#37474F80",
        "caret": "#FFCC00",
        "findHighlight": "#F8E71C",
        "shadow": "#00000010",
        "stackGuide": "#37474FFF",
        "lineHighlight": "#00000050",
        "gutterForeground": "#37474F",
        "foreground": "#EEFFFF",
        "background": "#263238",
        "popupCss": "html {\n  background-color: #263238;\n  color: #EEFFFF;\n  padding: 16px;\n}\na {\n  color: #B2CCD6;\n  line-height: 16px;\n}\n.error, .deleted {\n  color: #FF5370;\n}\n.success, .inserted {\n  color: #C3E88D;\n}\n.warning, .modified {\n  color: #FFCB6B;\n}\n.type {\n  color: #89DDFF;\n  font-style: italic;\n}\n.param {\n  color: #F78C6C;\n}\n.current {\n  text-decoration: underline;\n}\n",
        "selectionBorder": "#80CBC420",
        "activeGuide": "#80CBC470",
        "invisibles": "#65737E",
        "selection": "#80CBC420"
      }
    },
    {
      "name": "Comments",
      "scope": "comment, punctuation.definition.comment",
      "settings": {
        "fontStyle": "italic",
        "foreground": "#546E7A"
      }
    },
    {
      "name": "Variable",
      "scope": "variable, string constant.other.placeholder",
      "settings": {
        "foreground": "#EEFFFF"
      }
    },
    {
      "name": "Colors",
      "scope": "constant.other.color",
      "settings": {
        "foreground": "#FFFFFF"
      }
    },
    {
      "name": "Invalid",
      "scope": "invalid, invalid.illegal, invalid.broken",
      "settings": {
        "foreground": "#FFFFFF",
        "background": "#FF5370"
      }
    },
    {
      "name": "Unimplemented",
      "scope": "invalid.unimplemented",
      "settings": {
        "foreground": "#FFFFFF",
        "background": "#C3E88D"
      }
    },
    {
      "name": "Invalid deprecated",
      "scope": "invalid.deprecated",
      "settings": {
        "foreground": "#FFFFFF",
        "background": "#C792EA"
      }
    },
    {
      "name": "Keyword, Storage",
      "scope": "keyword, storage.type, storage.modifier",
      "settings": {
        "foreground": "#C792EA"
      }
    },
    {
      "name": "Keyword, Storage",
      "scope": "storage.type, keyword.control",
      "settings": {
        "fontStyle": "italic"
      }
    },
    {
      "name": "Operator, Misc",
      "scope": "keyword.operator, constant.other.color, punctuation, meta.tag, punctuation.definition.tag, punctuation.separator.inheritance.php, punctuation.definition.tag.html, punctuation.definition.tag.begin.html, punctuation.definition.tag.end.html, punctuation.section.embedded, keyword.other.template, keyword.other.substitution",
      "settings": {
        "foreground": "#89DDFF"
      }
    },
    {
      "name": "Tag",
      "scope": "entity.name.tag, meta.tag.sgml, markup.deleted.git_gutter",
      "settings": {
        "foreground": "#F07178"
      }
    },
    {
      "name": "Function, Special Method, Block Level",
      "scope": "entity.name.function, meta.function-call, variable.function, support.function, keyword.other.special-method, meta.block-level",
      "settings": {
        "foreground": "#82AAFF"
      }
    },
    {
      "name": "Other Variable, String Link",
      "scope": "support.other.variable, string.other.link",
      "settings": {
        "foreground": "#F07178"
      }
    },
    {
      "name": "Number, Constant, Function Argument, Tag Attribute, Embedded",
      "scope": "constant.numeric, constant.language, support.constant, constant.character, variable.parameter, keyword.other.unit",
      "settings": {
        "foreground": "#F78C6C"
      }
    },
    {
      "name": "String, Symbols, Inherited Class, Markup Heading",
      "scope": "string, constant.other.symbol, constant.other.key, entity.other.inherited-class, markup.heading, markup.inserted.git_gutter, meta.group.braces.curly constant.other.object.key.js string.unquoted.label.js",
      "settings": {
        "fontStyle": "normal",
        "foreground": "#C3E88D"
      }
    },
    {
      "name": "Class, Support",
      "scope": "entity.name.class, entity.name.type.class, support.type, support.class, support.other.namespace.use.php, meta.use.php, support.other.namespace.php, markup.changed.git_gutter, support.type.sys-types",
      "settings": {
        "foreground": "#FFCB6B"
      }
    },
    {
      "name": "CSS Class and Support",
      "scope": "source.css support.type, source.sass support.type, source.scss support.type, source.less support.type, source.stylus support.type",
      "settings": {
        "foreground": "#B2CCD6"
      }
    },
    {
      "name": "Sub-methods",
      "scope": "entity.name.module.js, variable.import.parameter.js, variable.other.class.js",
      "settings": {
        "foreground": "#FF5370"
      }
    },
    {
      "name": "Language methods",
      "scope": "variable.language",
      "settings": {
        "fontStyle": "italic",
        "foreground": "#FF5370"
      }
    },
    {
      "name": "entity.name.method.js",
      "scope": "entity.name.method.js",
      "settings": {
        "foreground": "#82AAFF"
      }
    },
    {
      "name": "meta.method.js",
      "scope": "meta.class-method.js entity.name.function.js, variable.function.constructor",
      "settings": {
        "foreground": "#82AAFF"
      }
    },
    {
      "name": "Attributes",
      "scope": "entity.other.attribute-name",
      "settings": {
        "foreground": "#C792EA"
      }
    },
    {
      "name": "HTML Attributes",
      "scope": "text.html.basic entity.other.attribute-name.html, text.html.basic entity.other.attribute-name",
      "settings": {
        "fontStyle": "italic",
        "foreground": "#FFCB6B"
      }
    },
    {
      "name": "CSS Classes",
      "scope": "entity.other.attribute-name.class",
      "settings": {
        "foreground": "#FFCB6B"
      }
    },
    {
      "name": "CSS Id",
      "scope": "source.sass keyword.control",
      "settings": {
        "foreground": "#82AAFF"
      }
    },
    {
      "name": "Inserted",
      "scope": "markup.inserted",
      "settings": {
        "foreground": "#C3E88D"
      }
    },
    {
      "name": "Deleted",
      "scope": "markup.deleted",
      "settings": {
        "foreground": "#FF5370"
      }
    },
    {
      "name": "Changed",
      "scope": "markup.changed",
      "settings": {
        "foreground": "#C792EA"
      }
    },
    {
      "name": "Regular Expressions",
      "scope": "string.regexp",
      "settings": {
        "foreground": "#89DDFF"
      }
    },
    {
      "name": "Escape Characters",
      "scope": "constant.character.escape",
      "settings": {
        "foreground": "#89DDFF"
      }
    },
    {
      "name": "URL",
      "scope": "*url*, *link*, *uri*",
      "settings": {
        "fontStyle": "underline"
      }
    },
    {
      "name": "Search Results Nums",
      "scope": "constant.numeric.line-number.find-in-files - match",
      "settings": {
        "foreground": "#C17E70"
      }
    },
    {
      "name": "Search Results Lines",
      "scope": "entity.name.filename.find-in-files",
      "settings": {
        "foreground": "#C3E88D"
      }
    },
    {
      "name": "Decorators",
      "scope": "tag.decorator.js entity.name.tag.js, tag.decorator.js punctuation.definition.tag.js",
      "settings": {
        "fontStyle": "italic",
        "foreground": "#82AAFF"
      }
    },
    {
      "name": "ES7 Bind Operator",
      "scope": "source.js constant.other.object.key.js string.unquoted.label.js",
      "settings": {
        "fontStyle": "italic",
        "foreground": "#FF5370"
      }
    },
    {
      "name": "JSON Key - Level 8",
      "scope": "source.json meta meta meta meta meta meta meta meta meta meta meta meta meta meta meta meta.structure.dictionary.json string.quoted.double.json - meta meta meta meta meta meta meta meta meta meta meta meta meta meta meta meta.structure.dictionary.json meta.structure.dictionary.value.json string.quoted.double.json, source.json meta meta meta meta meta meta meta meta meta meta meta meta meta meta meta meta.structure.dictionary.json punctuation.definition.string - meta meta meta meta meta meta meta meta meta meta meta meta meta meta meta meta.structure.dictionary.json meta.structure.dictionary.value.json punctuation.definition.string",
      "settings": {
        "foreground": "#C3E88D"
      }
    },
    {
      "name": "JSON Key - Level 7",
      "scope": "source.json meta meta meta meta meta meta meta meta meta meta meta meta meta meta.structure.dictionary.json string.quoted.double.json - meta meta meta meta meta meta meta meta meta meta meta meta meta meta.structure.dictionary.json meta.structure.dictionary.value.json string.quoted.double.json, source.json meta meta meta meta meta meta meta meta meta meta meta meta meta meta.structure.dictionary.json punctuation.definition.string - meta meta meta meta meta meta meta meta meta meta meta meta meta meta.structure.dictionary.json meta.structure.dictionary.value.json punctuation.definition.string",
      "settings": {
        "foreground": "#C792EA"
      }
    },
    {
      "name": "JSON Key - Level 6",
      "scope": "source.json meta meta meta meta meta meta meta meta meta meta meta meta.structure.dictionary.json string.quoted.double.json - meta meta meta meta meta meta meta meta meta meta meta meta.structure.dictionary.json meta.structure.dictionary.value.json string.quoted.double.json, source.json meta meta meta meta meta meta meta meta meta meta meta meta.structure.dictionary.json punctuation.definition.string - meta meta meta meta meta meta meta meta meta meta meta meta.structure.dictionary.json meta.structure.dictionary.value.json punctuation.definition.string",
      "settings": {
        "foreground": "#F07178"
      }
    },
    {
      "name": "JSON Key - Level 5",
      "scope": "source.json meta meta meta meta meta meta meta meta meta meta.structure.dictionary.json string.quoted.double.json - meta meta meta meta meta meta meta meta meta meta.structure.dictionary.json meta.structure.dictionary.value.json string.quoted.double.json, source.json meta meta meta meta meta meta meta meta meta meta.structure.dictionary.json punctuation.definition.string - meta meta meta meta meta meta meta meta meta meta.structure.dictionary.json meta.structure.dictionary.value.json punctuation.definition.string",
      "settings": {
        "foreground": "#82AAFF"
      }
    },
    {
      "name": "JSON Key - Level 4",
      "scope": "source.json meta meta meta meta meta meta meta meta.structure.dictionary.json string.quoted.double.json - meta meta meta meta meta meta meta meta.structure.dictionary.json meta.structure.dictionary.value.json string.quoted.double.json, source.json meta meta meta meta meta meta meta meta.structure.dictionary.json punctuation.definition.string - meta meta meta meta meta meta meta meta.structure.dictionary.json meta.structure.dictionary.value.json punctuation.definition.string",
      "settings": {
        "foreground": "#C17E70"
      }
    },
    {
      "name": "JSON Key - Level 3",
      "scope": "source.json meta meta meta meta meta meta.structure.dictionary.json string.quoted.double.json - meta meta meta meta meta meta.structure.dictionary.json meta.structure.dictionary.value.json string.quoted.double.json, source.json meta meta meta meta meta meta.structure.dictionary.json punctuation.definition.string - meta meta meta meta meta meta.structure.dictionary.json meta.structure.dictionary.value.json punctuation.definition.string",
      "settings": {
        "foreground": "#FF5370"
      }
    },
    {
      "name": "JSON Key - Level 2",
      "scope": "source.json meta meta meta meta.structure.dictionary.json string.quoted.double.json - meta meta meta meta.structure.dictionary.json meta.structure.dictionary.value.json string.quoted.double.json, source.json meta meta meta meta.structure.dictionary.json punctuation.definition.string - meta meta meta meta.structure.dictionary.json meta.structure.dictionary.value.json punctuation.definition.string",
      "settings": {
        "foreground": "#F78C6C"
      }
    },
    {
      "name": "JSON Key - Level 1",
      "scope": "source.json meta meta.structure.dictionary.json string.quoted.double.json - meta meta.structure.dictionary.json meta.structure.dictionary.value.json string.quoted.double.json, source.json meta meta.structure.dictionary.json punctuation.definition.string - meta meta.structure.dictionary.json meta.structure.dictionary.value.json punctuation.definition.string",
      "settings": {
        "foreground": "#FFCB6B"
      }
    },
    {
      "name": "JSON Key - Level 0",
      "scope": "source.json meta.structure.dictionary.json string.quoted.double.json - meta.structure.dictionary.json meta.structure.dictionary.value.json string.quoted.double.json, source.json meta.structure.dictionary.json punctuation.definition.string - meta.structure.dictionary.json meta.structure.dictionary.value.json punctuation.definition.string",
      "settings": {
        "foreground": "#C792EA"
      }
    },
    {
      "name": "Markdown - Plain",
      "scope": "text.html.markdown, punctuation.definition.list_item.markdown",
      "settings": {
        "foreground": "#EEFFFF"
      }
    },
    {
      "name": "Markdown - Markup Raw Inline",
      "scope": "text.html.markdown markup.raw.inline",
      "settings": {
        "foreground": "#C792EA"
      }
    },
    {
      "name": "Markdown - Markup Raw Inline Punctuation",
      "scope": "text.html.markdown punctuation.definition.raw.markdown",
      "settings": {
        "foreground": "#65737E"
      }
    },
    {
      "name": "Markdown - Line Break",
      "scope": "text.html.markdown meta.dummy.line-break",
      "settings": {
        "foreground": ""
      }
    },
    {
      "name": "Markdown - Heading",
      "scope": "markdown.heading, markup.heading | markup.heading entity.name, markup.heading.markdown punctuation.definition.heading.markdown",
      "settings": {
        "foreground": "#C3E88D"
      }
    },
    {
      "name": "Markup - Italic",
      "scope": "markup.italic",
      "settings": {
        "fontStyle": "italic",
        "foreground": "#F07178"
      }
    },
    {
      "name": "Markup - Bold",
      "scope": "markup.bold, markup.bold string",
      "settings": {
        "fontStyle": "bold",
        "foreground": "#F07178"
      }
    },
    {
      "name": "Markup - Bold & Italic",
      "scope": "markup.bold markup.italic, markup.italic markup.bold, markup.quote markup.bold, markup.bold markup.italic string, markup.italic markup.bold string, markup.quote markup.bold string",
      "settings": {
        "fontStyle": "bold italic"
      }
    },
    {
      "name": "Markup - Underline",
      "scope": "markup.underline",
      "settings": {
        "fontStyle": "underline",
        "foreground": "#F78C6C"
      }
    },
    {
      "name": "Markup - Strike",
      "scope": "markup.strike",
      "settings": {
        "fontStyle": "strike",
        "foreground": ""
      }
    },
    {
      "name": "Markdown - Blockquote",
      "scope": "markup.quote punctuation.definition.blockquote.markdown",
      "settings": {
        "foreground": "#65737E",
        "background": "#65737E"
      }
    },
    {
      "name": "Markup - Quote",
      "scope": "markup.quote",
      "settings": {
        "fontStyle": "italic",
        "foreground": ""
      }
    },
    {
      "name": "Markdown - Link",
      "scope": "string.other.link.title.markdown",
      "settings": {
        "foreground": "#82AAFF"
      }
    },
    {
      "name": "Markdown - Link Description",
      "scope": "string.other.link.description.title.markdown",
      "settings": {
        "foreground": "#C792EA"
      }
    },
    {
      "name": "Markdown - Link Anchor",
      "scope": "constant.other.reference.link.markdown",
      "settings": {
        "foreground": "#FFCB6B"
      }
    },
    {
      "name": "Markup - Raw Block",
      "scope": "markup.raw.block",
      "settings": {
        "foreground": "#C792EA"
      }
    },
    {
      "name": "Markdown - Raw Block Fenced",
      "scope": "markup.raw.block.fenced.markdown",
      "settings": {
        "background": "#00000050"
      }
    },
    {
      "name": "Markdown - Fenced Bode Block",
      "scope": "punctuation.definition.fenced.markdown",
      "settings": {
        "background": "#00000050"
      }
    },
    {
      "name": "Markdown - Fenced Bode Block Variable",
      "scope": "markup.raw.block.fenced.markdown, variable.language.fenced.markdown, punctuation.section.class.end",
      "settings": {
        "foreground": "#EEFFFF"
      }
    },
    {
      "name": "Markdown - Fenced Language",
      "scope": "variable.language.fenced.markdown",
      "settings": {
        "fontStyle": "",
        "foreground": "#65737E"
      }
    },
    {
      "name": "Markdown - Punctuation Definition",
      "scope": "text.html.markdown punctuation.definition",
      "settings": {
        "foreground": "#546E7A"
      }
    },
    {
      "name": "Markdown HTML - Punctuation Definition",
      "scope": "text.html.markdown meta.disable-markdown punctuation.definition",
      "settings": {
        "foreground": "#89DDFF"
      }
    },
    {
      "name": "Markdown - Separator",
      "scope": "meta.separator",
      "settings": {
        "fontStyle": "bold",
        "foreground": "#65737E",
        "background": "#00000050"
      }
    },
    {
      "name": "Markup - Table",
      "scope": "markup.table",
      "settings": {
        "foreground": "#EEFFFF",
        "background": ""
      }
    },
    {
      "name": "AceJump Label - Blue",
      "scope": "acejump.label.blue",
      "settings": {
        "foreground": "#FFFFFF",
        "background": "#82AAFF"
      }
    },
    {
      "name": "AceJump Label - Green",
      "scope": "acejump.label.green",
      "settings": {
        "foreground": "#FFFFFF",
        "background": "#C3E88D"
      }
    },
    {
      "name": "AceJump Label - Orange",
      "scope": "acejump.label.orange",
      "settings": {
        "foreground": "#FFFFFF",
        "background": "#F78C6C"
      }
    },
    {
      "name": "AceJump Label - Purple",
      "scope": "acejump.label.purple",
      "settings": {
        "foreground": "#FFFFFF",
        "background": "#C792EA"
      }
    },
    {
      "name": "SublimeLinter Warning",
      "scope": "sublimelinter.mark.warning",
      "settings": {
        "foreground": "#FFCB6B"
      }
    },
    {
      "name": "SublimeLinter Gutter Mark",
      "scope": "sublimelinter.gutter-mark",
      "settings": {
        "foreground": "#FFFFFF"
      }
    },
    {
      "name": "SublimeLinter Error",
      "scope": "sublimelinter.mark.error",
      "settings": {
        "foreground": "#FF5370"
      }
    },
    {
      "name": "SublimeLinter Annotation",
      "scope": "sublimelinter.annotations",
      "settings": {
        "background": "#C17E70"
      }
    },
    {
      "name": "GitGutter Ignored",
      "scope": "markup.ignored.git_gutter",
      "settings": {
        "foreground": "#65737E"
      }
    },
    {
      "name": "GitGutter Untracked",
      "scope": "markup.untracked.git_gutter",
      "settings": {
        "foreground": "#65737E"
      }
    },
    {
      "name": "GitGutter Inserted",
      "scope": "markup.inserted.git_gutter",
      "settings": {
        "foreground": "#C3E88D"
      }
    },
    {
      "name": "GitGutter Changed",
      "scope": "markup.changed.git_gutter",
      "settings": {
        "foreground": "#FFCB6B"
      }
    },
    {
      "name": "GitGutter Deleted",
      "scope": "markup.deleted.git_gutter",
      "settings": {
        "foreground": "#FF5370"
      }
    },
    {
      "name": "Bracket Default",
      "scope": "brackethighlighter.default",
      "settings": {
        "foreground": "#B2CCD64C"
      }
    },
    {
      "name": "Bracket Curly",
      "scope": "brackethighlighter.curly",
      "settings": {
        "foreground": "#89DDFF4C"
      }
    },
    {
      "name": "Bracket Round",
      "scope": "brackethighlighter.round",
      "settings": {
        "foreground": "#89DDFF4C"
      }
    },
    {
      "name": "Bracket Square",
      "scope": "brackethighlighter.square",
      "settings": {
        "foreground": "#89DDFF4C"
      }
    },
    {
      "name": "Bracket Angle",
      "scope": "brackethighlighter.angle",
      "settings": {
        "foreground": "#89DDFF4C"
      }
    },
    {
      "name": "Bracket Tag",
      "scope": "brackethighlighter.tag",
      "settings": {
        "foreground": "#89DDFF4C"
      }
    },
    {
      "name": "Bracket C Define",
      "scope": "brackethighlighter.c_define",
      "settings": {
        "foreground": "#C792EA4C"
      }
    },
    {
      "name": "Bracket Quote",
      "scope": "brackethighlighter.quote",
      "settings": {
        "foreground": "#89DDFF4C"
      }
    },
    {
      "name": "Bracket Unmatched",
      "scope": "brackethighlighter.unmatched",
      "settings": {
        "foreground": "#FF53704C"
      }
    }
  ],
  "name": "Material-Theme",
  "colorSpaceName": "sRGB",
  "uuid": "133d1250-19c6-4565-bc93-b37fd36f7fc9"
}
