{
  "semanticClass": "theme.dark.merbivore",
  "settings": [
    {
      "settings": {
        "selection": "#5A647EE0",
        "lineHighlight": "#333435",
        "foreground": "#E6E1DC",
        "invisibles": "#404040",
        "caret": "#FFFFFF",
        "background": "#161616"
      }
    },
    {
      "name": "Source",
      "scope": "source",
      "settings": {}
    },
    {
      "name": "Comment",
      "scope": "comment",
      "settings": {
        "fontStyle": "italic",
        "foreground": "#AD2EA4"
      }
    },
    {
      "name": "Keyword",
      "scope": "keyword, storage",
      "settings": {
        "fontStyle": "",
        "foreground": "#FC6F09"
      }
    },
    {
      "name": "Function (definition)",
      "scope": "entity.name.function, keyword.other.name-of-parameter.objc",
      "settings": {
        "fontStyle": ""
      }
    },
    {
      "name": "Class (definition)",
      "scope": "entity.name",
      "settings": {}
    },
    {
      "name": "Class inheritence",
      "scope": "entity.other.inherited-class",
      "settings": {
        "foreground": "#FC83FF"
      }
    },
    {
      "name": "Number",
      "scope": "constant.numeric",
      "settings": {
        "fontStyle": "",
        "foreground": "#58C554"
      }
    },
    {
      "name": "Variable",
      "scope": "variable.language, variable.other",
      "settings": {
        "fontStyle": ""
      }
    },
    {
      "name": "Constant",
      "scope": "constant",
      "settings": {
        "fontStyle": "",
        "foreground": "#1EDAFB"
      }
    },
    {
      "name": "Constant (other variable)",
      "scope": "variable.other.constant",
      "settings": {}
    },
    {
      "name": "Constant (built-in)",
      "scope": "constant.language",
      "settings": {
        "fontStyle": "",
        "foreground": "#FDC251"
      }
    },
    {
      "name": "String",
      "scope": "string",
      "settings": {
        "fontStyle": "",
        "foreground": "#8DFF0A"
      }
    },
    {
      "name": "Library function",
      "scope": "support.function",
      "settings": {
        "fontStyle": ""
      }
    },
    {
      "name": "Library type",
      "scope": "support.type",
      "settings": {
        "foreground": "#1EDAFB"
      }
    },
    {
      "name": "Library constant",
      "scope": "support.constant",
      "settings": {
        "foreground": "#8DFF0A"
      }
    },
    {
      "name": "Markup tag",
      "scope": "meta.tag, declaration.tag, entity.name.tag",
      "settings": {
        "fontStyle": "",
        "foreground": "#FC6F09"
      }
    },
    {
      "name": "Markup tag attribute",
      "scope": "entity.other.attribute-name",
      "settings": {
        "foreground": "#FFFF89"
      }
    },
    {
      "name": "Invalid",
      "scope": "invalid",
      "settings": {
        "foreground": "#FFFFFF",
        "background": "#990000"
      }
    },
    {
      "name": "String interpolation",
      "scope": "constant.character.escaped, constant.character.escape, string source, string source.ruby",
      "settings": {
        "fontStyle": "",
        "foreground": "#519F50"
      }
    },
    {
      "name": "Diff Add",
      "scope": "markup.inserted",
      "settings": {
        "foreground": "#E6E1DC",
        "background": "#144212"
      }
    },
    {
      "name": "Diff Remove",
      "scope": "markup.deleted",
      "settings": {
        "foreground": "#E6E1DC",
        "background": "#660000"
      }
    },
    {
      "name": "Diff Header",
      "scope": "meta.diff.header, meta.separator.diff, meta.diff.index, meta.diff.range",
      "settings": {
        "background": "#2F33AB"
      }
    }
  ],
  "name": "Merbivore",
  "colorSpaceName": "sRGB",
  "uuid": "2ABC646D-06F3-48A5-94E9-18EF34474C97"
}
