{
  "semanticClass": "theme.dark.merbivore_soft",
  "settings": [
    {
      "settings": {
        "selection": "#392243E0",
        "lineHighlight": "#333435",
        "foreground": "#E6E1DC",
        "invisibles": "#404040",
        "caret": "#FFFFFF",
        "background": "#1C1C1C"
      }
    },
    {
      "name": "Source",
      "scope": "source",
      "settings": {}
    },
    {
      "name": "Comment",
      "scope": "comment",
      "settings": {
        "fontStyle": "italic",
        "foreground": "#AC4BB8"
      }
    },
    {
      "name": "Keyword",
      "scope": "keyword, storage",
      "settings": {
        "fontStyle": "",
        "foreground": "#FC803A"
      }
    },
    {
      "name": "Function (definition)",
      "scope": "entity.name.function, keyword.other.name-of-parameter.objc",
      "settings": {
        "fontStyle": ""
      }
    },
    {
      "name": "Class (definition)",
      "scope": "entity.name",
      "settings": {}
    },
    {
      "name": "Class inheritence",
      "scope": "entity.other.inherited-class",
      "settings": {
        "foreground": "#C984CD"
      }
    },
    {
      "name": "Number",
      "scope": "constant.numeric",
      "settings": {
        "fontStyle": "",
        "foreground": "#7FC578"
      }
    },
    {
      "name": "Variable",
      "scope": "variable.language, variable.other",
      "settings": {
        "fontStyle": ""
      }
    },
    {
      "name": "Constant",
      "scope": "constant",
      "settings": {
        "fontStyle": "",
        "foreground": "#68C1D8"
      }
    },
    {
      "name": "Constant (other variable)",
      "scope": "variable.other.constant",
      "settings": {}
    },
    {
      "name": "Constant (built-in)",
      "scope": "constant.language",
      "settings": {
        "fontStyle": "",
        "foreground": "#E1C582"
      }
    },
    {
      "name": "String",
      "scope": "string",
      "settings": {
        "fontStyle": "",
        "foreground": "#8EC65F"
      }
    },
    {
      "name": "Library function",
      "scope": "support.function",
      "settings": {
        "fontStyle": ""
      }
    },
    {
      "name": "Library type",
      "scope": "support.type",
      "settings": {
        "foreground": "#68C1D8"
      }
    },
    {
      "name": "Library constant",
      "scope": "support.constant",
      "settings": {
        "foreground": "#8EC65F"
      }
    },
    {
      "name": "Markup tag",
      "scope": "meta.tag, declaration.tag, entity.name.tag",
      "settings": {
        "fontStyle": "",
        "foreground": "#FC803A"
      }
    },
    {
      "name": "Markup tag attribute",
      "scope": "entity.other.attribute-name",
      "settings": {
        "foreground": "#EAF1A3"
      }
    },
    {
      "name": "Invalid",
      "scope": "invalid",
      "settings": {
        "foreground": "#FFFFFF",
        "background": "#FE3838"
      }
    },
    {
      "name": "String interpolation",
      "scope": "constant.character.escaped, constant.character.escape, string source, string source.ruby",
      "settings": {
        "fontStyle": "",
        "foreground": "#B3E5B4"
      }
    },
    {
      "name": "Diff Add",
      "scope": "markup.inserted",
      "settings": {
        "foreground": "#E6E1DC",
        "background": "#6FC58B"
      }
    },
    {
      "name": "Diff Remove",
      "scope": "markup.deleted",
      "settings": {
        "foreground": "#E6E1DC",
        "background": "#AC3735"
      }
    },
    {
      "name": "Diff Header",
      "scope": "meta.diff.header, meta.separator.diff, meta.diff.index, meta.diff.range",
      "settings": {
        "background": "#5A9EE1"
      }
    }
  ],
  "name": "Merbivore-Soft",
  "colorSpaceName": "sRGB",
  "uuid": "B3517E4B-5243-46CF-AB04-9AE7B41DE3F2"
}
