{
  "author": "Son A. Pham <sp@sonpham.me>",
  "semanticClass": "theme.dark.one_half_light",
  "comment": "A dark iTerm color scheme based on Atom's One. See github.com/sonph/onehalf for installation instructions, a light color scheme, and versions for other editors/terminals such as (Neo)Vim and Sublime Text.",
  "settings": [
    {
      "settings": {
        "caret": "#a3b3cc",
        "tagsForeground": "",
        "gutter": "#282c34",
        "fontStyle": "",
        "bracketsOptions": "underline",
        "lineHighlight": "#313640",
        "gutterForeground": "#919baa",
        "foreground": "#dcdfe4",
        "selectionBorder": "#474e5d",
        "background": "#282c34",
        "invisibles": "#5c6370",
        "selection": "#474e5d",
        "bracketContentsOptions": "underline",
        "tagsOptions": "stippled_underline"
      }
    },
    {
      "name": "Comments",
      "scope": "comment",
      "settings": {
        "foreground": "#5c6370"
      }
    },
    {
      "name": "Text",
      "scope": "variable.parameter.function",
      "settings": {
        "foreground": "#dcdfe4"
      }
    },
    {
      "name": "Delimiters",
      "scope": "none",
      "settings": {
        "foreground": ""
      }
    },
    {
      "name": "Operators",
      "scope": "keyword.operator",
      "settings": {
        "foreground": ""
      }
    },
    {
      "name": "Keywords",
      "scope": "keyword",
      "settings": {
        "foreground": "#c678dd"
      }
    },
    {
      "name": "Variables",
      "scope": "variable",
      "settings": {
        "foreground": "#e06c75"
      }
    },
    {
      "name": "Functions",
      "scope": "entity.name.function, meta.require, support.function.any-method",
      "settings": {
        "foreground": "#61afef"
      }
    },
    {
      "name": "Classes",
      "scope": "support.class, entity.name.class, entity.name.type.class",
      "settings": {
        "foreground": "#e5c07b"
      }
    },
    {
      "name": "Classes",
      "scope": "meta.class",
      "settings": {
        "foreground": "#e5c07b"
      }
    },
    {
      "name": "Methods",
      "scope": "keyword.other.special-method",
      "settings": {
        "foreground": "#61afef"
      }
    },
    {
      "name": "Storage",
      "scope": "storage",
      "settings": {
        "foreground": "#c678dd"
      }
    },
    {
      "name": "Support",
      "scope": "support.function",
      "settings": {
        "foreground": "#61afef"
      }
    },
    {
      "name": "Strings, Inherited Class",
      "scope": "string",
      "settings": {
        "foreground": "#98c379"
      }
    },
    {
      "name": "Integers",
      "scope": "constant.numeric",
      "settings": {
        "foreground": "#e5c07b"
      }
    },
    {
      "name": "Floats",
      "scope": "none",
      "settings": {
        "foreground": "#e5c07b"
      }
    },
    {
      "name": "Boolean",
      "scope": "none",
      "settings": {
        "foreground": "#e5c07b"
      }
    },
    {
      "name": "Constants",
      "scope": "constant",
      "settings": {
        "foreground": "#e5c07b"
      }
    },
    {
      "name": "HTML: Tags",
      "scope": "entity.name.tag",
      "settings": {
        "foreground": "#e06c75"
      }
    },
    {
      "name": "HTML: Tag attributes",
      "scope": "entity.other.attribute-name",
      "settings": {
        "foreground": "#e5c07b"
      }
    },
    {
      "name": "Attribute IDs",
      "scope": "entity.other.attribute-name.id, punctuation.definition.entity",
      "settings": {
        "foreground": "#e5c07b"
      }
    },
    {
      "name": "Selector",
      "scope": "meta.selector",
      "settings": {
        "foreground": "#c678dd"
      }
    },
    {
      "name": "Markdown: Headings",
      "scope": "markup.heading punctuation.definition.heading, entity.name.section",
      "settings": {
        "fontStyle": "",
        "foreground": "#61afef"
      }
    },
    {
      "name": "Markdown: Bold",
      "scope": "markup.bold, punctuation.definition.bold",
      "settings": {
        "foreground": "#c678dd"
      }
    },
    {
      "name": "Markdown: Italic",
      "scope": "markup.italic, punctuation.definition.italic",
      "settings": {
        "foreground": "#c678dd"
      }
    },
    {
      "name": "Markdown: Code",
      "scope": "markup.raw.inline",
      "settings": {
        "foreground": "#98c379"
      }
    },
    {
      "name": "Markdown: Link Text",
      "scope": "string.other.link, punctuation.definition.string.end.markdown",
      "settings": {
        "foreground": ""
      }
    },
    {
      "name": "Markdown: Link Url",
      "scope": "meta.link",
      "settings": {
        "foreground": "#98c379"
      }
    },
    {
      "name": "Markdown: Lists",
      "scope": "markup.list",
      "settings": {
        "foreground": ""
      }
    },
    {
      "name": "Markdown: Quotes",
      "scope": "markup.quote",
      "settings": {
        "foreground": "#98c379"
      }
    },
    {
      "name": "Java Source",
      "scope": "source.java meta.class.java meta.method.java",
      "settings": {
        "foreground": "#dcdfe4"
      }
    },
    {
      "name": "Java Class Body",
      "scope": "source.java meta.class.java meta.class.body.java",
      "settings": {
        "foreground": "#dcdfe4"
      }
    },
    {
      "name": "Javascript: Function Arguments",
      "scope": "source.js meta.function.js variable.parameter.function.js",
      "settings": {
        "foreground": "#e06c75"
      }
    },
    {
      "name": "Javascript: New Variables",
      "scope": "source.js variable.other.readwrite.js",
      "settings": {
        "foreground": "#e06c75"
      }
    },
    {
      "name": "Javascript: Variables",
      "scope": "source.js variable.other.object.js",
      "settings": {
        "foreground": "#dcdfe4"
      }
    },
    {
      "name": "Javascript: Variables in Function Calls",
      "scope": "source.js meta.function-call.method.js variable.other.readwrite.js",
      "settings": {
        "foreground": "#e06c75"
      }
    },
    {
      "name": "Javascript: New Block Variables",
      "scope": "source.js meta.block.js variable.other.readwrite.js",
      "settings": {
        "foreground": "#e06c75"
      }
    },
    {
      "name": "Javascript: Block Variables",
      "scope": "source.js meta.block.js variable.other.object.js",
      "settings": {
        "foreground": "#dcdfe4"
      }
    },
    {
      "name": "Javascript: Block Variables in Function Calls",
      "scope": "source.js meta.block.js meta.function-call.method.js variable.other.readwrite.js",
      "settings": {
        "foreground": "#dcdfe4"
      }
    },
    {
      "name": "Javascript: Function Calls",
      "scope": "source.js meta.function-call.method.js variable.function.js",
      "settings": {
        "foreground": "#dcdfe4"
      }
    },
    {
      "name": "Javascript: Properties",
      "scope": "source.js meta.property.object.js entity.name.function.js",
      "settings": {
        "foreground": "#61afef"
      }
    },
    {
      "name": "Javascript: Prototypes",
      "scope": "source.js support.constant.prototype.js",
      "settings": {
        "foreground": "#dcdfe4"
      }
    },
    {
      "name": "Separator",
      "scope": "meta.separator",
      "settings": {
        "foreground": "",
        "background": ""
      }
    },
    {
      "name": "Inserted",
      "scope": "markup.inserted",
      "settings": {
        "foreground": "#98c379"
      }
    },
    {
      "name": "Deleted",
      "scope": "markup.deleted",
      "settings": {
        "foreground": "#e06c75"
      }
    },
    {
      "name": "Changed",
      "scope": "markup.changed",
      "settings": {
        "foreground": "#e5c07b"
      }
    },
    {
      "name": "Regular Expressions",
      "scope": "string.regexp",
      "settings": {
        "foreground": "#98c379"
      }
    },
    {
      "name": "Escape Characters",
      "scope": "constant.character.escape",
      "settings": {
        "foreground": "#56b6c2"
      }
    },
    {
      "name": "Embedded",
      "scope": "punctuation.section.embedded, variable.interpolation",
      "settings": {
        "foreground": ""
      }
    },
    {
      "name": "Illegal",
      "scope": "invalid.illegal",
      "settings": {
        "foreground": "#dcdfe4",
        "background": "#e06c75"
      }
    },
    {
      "name": "Broken",
      "scope": "invalid.broken",
      "settings": {
        "foreground": "#dcdfe4",
        "background": "#e5c07b"
      }
    },
    {
      "name": "Deprecated",
      "scope": "invalid.deprecated",
      "settings": {
        "foreground": "#dcdfe4",
        "background": "#e5c07b"
      }
    },
    {
      "name": "Unimplemented",
      "scope": "invalid.unimplemented",
      "settings": {
        "foreground": "#dcdfe4",
        "background": "#c678dd"
      }
    }
  ],
  "name": "One-Dark",
  "colorSpaceName": "sRGB"
}
