{
  "scopeName": "source.bicep",
  "$schema": "https://raw.githubusercontent.com/martinring/tmlanguage/master/tmlanguage.json",
  "patterns": [{ "include": "#expression" }, { "include": "#comments" }],
  "repository": {
    "line-comment": {
      "name": "comment.line.double-slash.bicep",
      "match": "//.*(?=$)"
    },
    "keyword": {
      "name": "keyword.control.declaration.bicep",
      "match": "\\b(metadata|targetScope|resource|module|param|var|output|for|in|if|existing|import|as|type|with)\\b"
    },
    "object-literal": {
      "begin": "{",
      "end": "}",
      "patterns": [
        { "include": "#object-property-key" },
        { "include": "#expression" },
        { "include": "#comments" }
      ],
      "name": "meta.object-literal.bicep"
    },
    "string-literal-subst": {
      "begin": "(?<!\\\\)(\\${)",
      "endCaptures": {
        "1": { "name": "punctuation.definition.template-expression.end.bicep" }
      },
      "end": "(})",
      "patterns": [{ "include": "#expression" }, { "include": "#comments" }],
      "name": "meta.string-literal-subst.bicep",
      "beginCaptures": {
        "1": {
          "name": "punctuation.definition.template-expression.begin.bicep"
        }
      }
    },
    "array-literal": {
      "begin": "\\[(?!(?:[ \\t\\r\\n]|\\/\\*(?:\\*(?!\\/)|[^*])*\\*\\/)*\\bfor\\b)",
      "end": "]",
      "patterns": [{ "include": "#expression" }, { "include": "#comments" }],
      "name": "meta.array-literal.bicep"
    },
    "object-property-key": {
      "name": "variable.other.property.bicep",
      "match": "\\b[_$[:alpha:]][_$[:alnum:]]*\\b(?=(?:[ \\t\\r\\n]|\\/\\*(?:\\*(?!\\/)|[^*])*\\*\\/)*:)"
    },
    "string-verbatim": {
      "begin": "'''",
      "end": "'''",
      "patterns": [],
      "name": "string.quoted.multi.bicep"
    },
    "lambda-start": {
      "begin": "(\\((?:[ \\t\\r\\n]|\\/\\*(?:\\*(?!\\/)|[^*])*\\*\\/)*\\b[_$[:alpha:]][_$[:alnum:]]*\\b(?:[ \\t\\r\\n]|\\/\\*(?:\\*(?!\\/)|[^*])*\\*\\/)*(,(?:[ \\t\\r\\n]|\\/\\*(?:\\*(?!\\/)|[^*])*\\*\\/)*\\b[_$[:alpha:]][_$[:alnum:]]*\\b(?:[ \\t\\r\\n]|\\/\\*(?:\\*(?!\\/)|[^*])*\\*\\/)*)*\\)|\\((?:[ \\t\\r\\n]|\\/\\*(?:\\*(?!\\/)|[^*])*\\*\\/)*\\)|(?:[ \\t\\r\\n]|\\/\\*(?:\\*(?!\\/)|[^*])*\\*\\/)*\\b[_$[:alpha:]][_$[:alnum:]]*\\b(?:[ \\t\\r\\n]|\\/\\*(?:\\*(?!\\/)|[^*])*\\*\\/)*)(?=(?:[ \\t\\r\\n]|\\/\\*(?:\\*(?!\\/)|[^*])*\\*\\/)*=>)",
      "end": "(?:[ \\t\\r\\n]|\\/\\*(?:\\*(?!\\/)|[^*])*\\*\\/)*=>",
      "name": "meta.lambda-start.bicep",
      "beginCaptures": {
        "1": {
          "name": "meta.undefined.bicep",
          "patterns": [{ "include": "#identifier" }, { "include": "#comments" }]
        }
      }
    },
    "function-call": {
      "begin": "(\\b[_$[:alpha:]][_$[:alnum:]]*\\b)(?:[ \\t\\r\\n]|\\/\\*(?:\\*(?!\\/)|[^*])*\\*\\/)*\\(",
      "end": "\\)",
      "patterns": [{ "include": "#expression" }, { "include": "#comments" }],
      "name": "meta.function-call.bicep",
      "beginCaptures": { "1": { "name": "entity.name.function.bicep" } }
    },
    "escape-character": {
      "name": "constant.character.escape.bicep",
      "match": "\\\\(u{[0-9A-Fa-f]+}|n|r|t|\\\\|'|\\${)"
    },
    "identifier": {
      "name": "variable.other.readwrite.bicep",
      "match": "\\b[_$[:alpha:]][_$[:alnum:]]*\\b(?!(?:[ \\t\\r\\n]|\\/\\*(?:\\*(?!\\/)|[^*])*\\*\\/)*\\()"
    },
    "string-literal": {
      "begin": "'(?!'')",
      "end": "'",
      "patterns": [
        { "include": "#escape-character" },
        { "include": "#string-literal-subst" }
      ],
      "name": "string.quoted.single.bicep"
    },
    "directive-variable": {
      "name": "keyword.control.declaration.bicep",
      "match": "\\b[_a-zA-Z-0-9]+\\b"
    },
    "directive": {
      "begin": "#\\b[_a-zA-Z-0-9]+\\b",
      "end": "$",
      "patterns": [
        { "include": "#directive-variable" },
        { "include": "#comments" }
      ],
      "name": "meta.directive.bicep"
    },
    "decorator": {
      "begin": "@(?:[ \\t\\r\\n]|\\/\\*(?:\\*(?!\\/)|[^*])*\\*\\/)*(?=\\b[_$[:alpha:]][_$[:alnum:]]*\\b)",
      "end": "",
      "patterns": [{ "include": "#expression" }, { "include": "#comments" }],
      "name": "meta.decorator.bicep"
    },
    "block-comment": {
      "name": "comment.block.bicep",
      "begin": "/\\*",
      "end": "\\*/"
    },
    "comments": {
      "patterns": [
        { "include": "#line-comment" },
        { "include": "#block-comment" }
      ]
    },
    "numeric-literal": { "name": "constant.numeric.bicep", "match": "[0-9]+" },
    "expression": {
      "patterns": [
        { "include": "#string-literal" },
        { "include": "#string-verbatim" },
        { "include": "#numeric-literal" },
        { "include": "#named-literal" },
        { "include": "#object-literal" },
        { "include": "#array-literal" },
        { "include": "#keyword" },
        { "include": "#identifier" },
        { "include": "#function-call" },
        { "include": "#decorator" },
        { "include": "#lambda-start" },
        { "include": "#directive" }
      ]
    },
    "named-literal": {
      "name": "constant.language.bicep",
      "match": "\\b(true|false|null)\\b"
    }
  },
  "name": "Bicep",
  "fileTypes": [".bicep"]
}
