{
  "scopeName": "source.python.django",
  "fileTypes": [],
  "patterns": [
    {
      "match": "(meta|models)\\.(Admin|AutoField|BooleanField|CharField|CommaSeparatedIntegerField|DateField|DateTimeField|DecimalField|EmailField|FileField|FilePathField|FloatField|ForeignKey|ImageField|IntegerField|IPAddressField|ManyToManyField|NullBooleanField|OneToOneField|PhoneNumberField|PositiveIntegerField|PositiveSmallIntegerField|SlugField|SmallIntegerField|TextField|TimeField|URLField|USStateField|XMLField)",
      "name": "support.type.django.model"
    },
    {
      "match": "django(\\.[a-z]+){1,} ",
      "name": "support.other.django.module"
    },
    {
      "match": "(ABSOLUTE_URL_OVERRIDES|ADMIN_FOR|ADMIN_MEDIA_PREFIX|ADMINS|ALLOWED_INCLUDE_ROOTS|APPEND_SLASH|AUTHENTICATION_BACKENDS|AUTH_PROFILE_MODULE|CACHE_BACKEND|CACHE_MIDDLEWARE_KEY_PREFIX|CACHE_MIDDLEWARE_SECONDS|DATABASE_ENGINE|DATABASE_HOST|DATABASE_NAME|DATABASE_OPTIONS|DATABASE_PASSWORD|DATABASE_PORT|DATABASE_USER|DATE_FORMAT|DATETIME_FORMAT|DEBUG|DEFAULT_CHARSET|DEFAULT_CONTENT_TYPE|DEFAULT_FROM_EMAIL|DEFAULT_TABLESPACE|DEFAULT_INDEX_TABLESPACE|DISALLOWED_USER_AGENTS|EMAIL_HOST_PASSWORD|EMAIL_HOST_USER|EMAIL_HOST|EMAIL_PORT|EMAIL_SUBJECT_PREFIX|EMAIL_USE_TLS|FILE_CHARSET|FIXTURE_DIRS|IGNORABLE_404_ENDS|IGNORABLE_404_STARTS|INSTALLED_APPS|INTERNAL_IPS|JING_PATH|LANGUAGE_CODE|LANGUAGE_COOKIE_NAME|LANGUAGES|LOCALE_PATHS|LOGIN_REDIRECT_URL|LOGIN_URL|LOGOUT_URL|MANAGERS|MEDIA_ROOT|MEDIA_URL|MIDDLEWARE_CLASSES|MONTH_DAY_FORMAT|PREPEND_WWW|PROFANITIES_LIST|ROOT_URLCONF|SECRET_KEY|SEND_BROKEN_LINK_EMAILS|SERIALIZATION_MODULES|SERVER_EMAIL|SESSION_ENGINE|SESSION_COOKIE_AGE|SESSION_COOKIE_DOMAIN|SESSION_COOKIE_NAME|SESSION_COOKIE_PATH|SESSION_COOKIE_SECURE|SESSION_EXPIRE_AT_BROWSER_CLOSE|SESSION_FILE_PATH|SESSION_SAVE_EVERY_REQUEST|SITE_ID|TEMPLATE_CONTEXT_PROCESSORS|TEMPLATE_DEBUG|TEMPLATE_DIRS|TEMPLATE_LOADERS|TEMPLATE_STRING_IF_INVALID|TEST_DATABASE_CHARSET|TEST_DATABASE_COLLATION|TEST_DATABASE_NAME|TEST_RUNNER|TIME_FORMAT|TIME_ZONE|URL_VALIDATOR_USER_AGENT|USE_ETAGS|USE_I18N|YEAR_MONTH_FORMAT)",
      "name": "variable.other.django.settings"
    },
    {
      "match": "(get_list_or_404|get_object_or_404|load_and_render|loader|render_to_response)",
      "name": "support.function.django.view"
    },
    {
      "match": "[a-z_]+\\.get_(object|list|iterator|count|values|values_iterator|in_bulk)",
      "name": "support.function.django.model"
    },
    { "include": "source.python" }
  ],
  "name": "Python Django",
  "keyEquivalent": "^~P",
  "uuid": "5326D56C-6F76-4758-8DB7-D818527919AC"
}
