{
  "foldingStartMarker": "(?x)\n\t\t(<(?i:head|body|table|thead|tbody|tfoot|tr|div|select|fieldset|style|script|ul|ol|li|form|dl)\\b.*?>\n\t\t|<!--(?!.*--\\s*>)\n\t\t|^<!--\\ \\#tminclude\\ (?>.*?-->)$\n\t\t|<\\?(?:php)?.*\\b(if|for(each)?|while)\\b.+:\n\t\t|\\{\\{?(if|foreach|capture|literal|foreach|php|section|strip)\n\t\t|\\{\\s*($|\\?>\\s*$|//|/\\*(.*\\*/\\s*$|(?!.*?\\*/)))\n\t\t)",
  "firstLineMatch": "<!(?i:DOCTYPE)|<(?i:html)|<\\?(?i:php)",
  "foldingStopMarker": "(?x)\n\t\t(</(?i:head|body|table|thead|tbody|tfoot|tr|div|select|fieldset|style|script|ul|ol|li|form|dl)>\n\t\t|^(?!.*?<!--).*?--\\s*>\n\t\t|^<!--\\ end\\ tminclude\\ -->$\n\t\t|<\\?(?:php)?.*\\bend(if|for(each)?|while)\\b\n\t\t|\\{\\{?/(if|foreach|capture|literal|foreach|php|section|strip)\n\t\t|^[^{]*\\}\n\t\t)",
  "keyEquivalent": "^~H",
  "fileTypes": ["cfm", "cfml"],
  "repository": {
    "tag-stuff": {
      "patterns": [
        { "include": "#nest-hash" },
        { "include": "#cfcomments" },
        { "include": "text.cfml.basic" },
        { "include": "#tag-id-attribute" },
        { "include": "#tag-generic-attribute" },
        { "include": "#string-double-quoted" },
        { "include": "#string-single-quoted" },
        { "include": "#embedded-code" }
      ]
    },
    "string-double-quoted": {
      "begin": "\"",
      "endCaptures": {
        "0": { "name": "punctuation.definition.string.end.html" }
      },
      "end": "\"",
      "patterns": [
        { "include": "#embedded-code" },
        { "include": "#entities" },
        { "include": "#nest-hash" }
      ],
      "name": "string.quoted.double.html",
      "beginCaptures": {
        "0": { "name": "punctuation.definition.string.begin.html" }
      }
    },
    "nest-hash": {
      "patterns": [
        { "match": "##", "name": "string.escaped.hash.html" },
        {
          "match": "(?x)\n\t\t\t\t\t\t\t(\\#)\n\t\t\t\t\t\t\t(?!\t\t# zero width negative lookahead assertion\n\t\t\t\t\t\t\t\t(\n\t\t\t\t\t\t\t\t\t([\\w$]+\t# assertion for plain variables or function names including currency symbol \"$\"\n\t\t\t\t\t\t\t\t\t\t(\n\t\t\t\t\t\t\t\t\t\t\t(\\[.*\\])\t\t\t\t# asserts a match for anything in square brackets\n\t\t\t\t\t\t\t\t\t\t\t|\n\t\t\t\t\t\t\t\t\t\t\t(\\(.*\\))\t\t\t\t# or anything in parens\n\t\t\t\t\t\t\t\t\t\t\t|\n\t\t\t\t\t\t\t\t\t\t\t(\\.[\\w$]+)\t\t\t\t# or zero or more \"dot\" notated variables\n\t\t\t\t\t\t\t\t\t\t\t|\n\t\t\t\t\t\t\t\t\t\t\t(\\s*[\\+\\-\\*\\/&]\\s*[\\w$]+)\t# or simple arithmentic operators + concatenation\n\t\t\t\t\t\t\t\t\t\t\t|\n\t\t\t\t\t\t\t\t\t\t\t(\\s*&\\s*[\"|'].+[\"|']) \t# or concatenation with a quoted string\n\t\t\t\t\t\t\t\t\t\t)*\t\t# asserts preceeding square brackets, parens, dot notated vars or arithmetic zero or more times\n\t\t\t\t\t\t\t\t\t)\n\t\t\t\t\t\t\t\t\t|\n\t\t\t\t\t\t\t\t\t(\\(.*\\))\t # asserts a match for anything in parens\n\t\t\t\t\t\t\t\t)\\#\t\t# asserts closing hash\n\t\t\t\t\t\t\t)",
          "name": "invalid.illegal.unescaped.hash.html"
        },
        {
          "end": "(#)",
          "begin": "(?x)\n\t\t\t\t\t\t\t(\\#)\n\t\t\t\t\t\t\t(?=\t\t# zero width negative lookahead assertion\n\t\t\t\t\t\t\t\t(\n\t\t\t\t\t\t\t\t\t([\\w$]+\t# assertion for plain variables or function names including currency symbol \"$\"\n\t\t\t\t\t\t\t\t\t\t(\n\t\t\t\t\t\t\t\t\t\t\t(\\[.*\\])\t\t\t\t# asserts a match for anything in square brackets\n\t\t\t\t\t\t\t\t\t\t\t|\n\t\t\t\t\t\t\t\t\t\t\t(\\(.*\\))\t\t\t\t# or anything in parens\n\t\t\t\t\t\t\t\t\t\t\t|\n\t\t\t\t\t\t\t\t\t\t\t(\\.[\\w$]+)\t\t\t\t# or zero or more \"dot\" notated variables\n\t\t\t\t\t\t\t\t\t\t\t|\n\t\t\t\t\t\t\t\t\t\t\t(\\s*[\\+\\-\\*\\/&]\\s*[\\w$]+)\t# or simple arithmentic operators + concatenation\n\t\t\t\t\t\t\t\t\t\t\t|\n\t\t\t\t\t\t\t\t\t\t\t(\\s*&\\s*[\"|'].+[\"|']) \t# or concatenation with a quoted string\n\t\t\t\t\t\t\t\t\t\t)*\t\t# asserts preceeding square brackets, parens, dot notated vars or arithmetic zero or more times\n\t\t\t\t\t\t\t\t\t)\n\t\t\t\t\t\t\t\t\t|\n\t\t\t\t\t\t\t\t\t(\\(.*\\))\t # asserts a match for anything in parens\n\t\t\t\t\t\t\t\t)\\#\t\t# asserts closing hash\n\t\t\t\t\t\t\t)",
          "beginCaptures": {
            "1": { "name": "punctuation.definition.hash.begin.html" }
          },
          "contentName": "source.cfscript.embedded.html",
          "patterns": [{ "include": "source.cfscript" }],
          "endCaptures": {
            "1": { "name": "punctuation.definition.hash.end.html" }
          },
          "name": "meta.name.interpolated.hash.html"
        }
      ]
    },
    "cfcomments": {
      "patterns": [
        { "match": "<!---.*?--->", "name": "comment.line.cfml" },
        {
          "begin": "<!---",
          "end": "--->",
          "patterns": [{ "include": "#cfcomments" }],
          "name": "comment.block.cfml",
          "captures": { "0": { "name": "punctuation.definition.comment.cfml" } }
        }
      ]
    },
    "python": {
      "begin": "(?:^\\s*)<\\?python(?!.*\\?>)",
      "end": "\\?>(?:\\s*$\\n)?",
      "patterns": [{ "include": "source.python" }],
      "name": "source.python.embedded.html"
    },
    "embedded-code": {
      "patterns": [
        { "include": "#ruby" },
        { "include": "#php" },
        { "include": "#python" }
      ]
    },
    "string-single-quoted": {
      "begin": "'",
      "endCaptures": {
        "0": { "name": "punctuation.definition.string.end.html" }
      },
      "end": "'",
      "patterns": [
        { "include": "#embedded-code" },
        { "include": "#entities" },
        { "include": "#nest-hash" }
      ],
      "name": "string.quoted.single.html",
      "beginCaptures": {
        "0": { "name": "punctuation.definition.string.begin.html" }
      }
    },
    "tag-generic-attribute": {
      "match": "\\b([a-zA-Z\\-:]+)",
      "name": "entity.other.attribute-name.html"
    },
    "entities": {
      "patterns": [
        {
          "match": "(&)([a-zA-Z0-9]+|#[0-9]+|#x[0-9a-fA-F]+)(;)",
          "name": "constant.character.entity.html",
          "captures": {
            "1": { "name": "punctuation.definition.entity.html" },
            "3": { "name": "punctuation.definition.entity.html" }
          }
        },
        { "match": "&", "name": "invalid.illegal.bad-ampersand.html" }
      ]
    },
    "tag-id-attribute": {
      "begin": "\\b(id)\\b\\s*(=)",
      "end": "(?<='|\")",
      "patterns": [
        {
          "end": "\"",
          "begin": "\"",
          "beginCaptures": {
            "0": { "name": "punctuation.definition.string.begin.html" }
          },
          "contentName": "meta.toc-list.id.html",
          "patterns": [
            { "include": "#embedded-code" },
            { "include": "#entities" },
            { "include": "#nest-hash" }
          ],
          "endCaptures": {
            "0": { "name": "punctuation.definition.string.end.html" }
          },
          "name": "string.quoted.double.html"
        },
        {
          "end": "'",
          "begin": "'",
          "beginCaptures": {
            "0": { "name": "punctuation.definition.string.begin.html" }
          },
          "contentName": "meta.toc-list.id.html",
          "patterns": [
            { "include": "#embedded-code" },
            { "include": "#entities" },
            { "include": "#nest-hash" }
          ],
          "endCaptures": {
            "0": { "name": "punctuation.definition.string.end.html" }
          },
          "name": "string.quoted.single.html"
        }
      ],
      "name": "meta.attribute-with-value.id.html",
      "captures": {
        "1": { "name": "entity.other.attribute-name.id.html" },
        "2": { "name": "punctuation.separator.key-value.html" }
      }
    },
    "ruby": {
      "patterns": [
        {
          "begin": "<%+#",
          "end": "%>",
          "name": "comment.block.erb",
          "captures": { "0": { "name": "punctuation.definition.comment.erb" } }
        },
        {
          "begin": "<%+(?!>)=?",
          "end": "-?%>",
          "patterns": [
            {
              "match": "(#).*?(?=-?%>)",
              "name": "comment.line.number-sign.ruby",
              "captures": {
                "1": { "name": "punctuation.definition.comment.ruby" }
              }
            },
            { "include": "source.ruby" }
          ],
          "name": "source.ruby.embedded.html",
          "captures": { "0": { "name": "punctuation.section.embedded.ruby" } }
        },
        {
          "begin": "<\\?r(?!>)=?",
          "end": "-?\\?>",
          "patterns": [
            {
              "match": "(#).*?(?=-?\\?>)",
              "name": "comment.line.number-sign.ruby.nitro",
              "captures": {
                "1": { "name": "punctuation.definition.comment.ruby.nitro" }
              }
            },
            { "include": "source.ruby" }
          ],
          "name": "source.ruby.nitro.embedded.html",
          "captures": {
            "0": { "name": "punctuation.section.embedded.ruby.nitro" }
          }
        }
      ]
    },
    "php": {
      "begin": "(?=(^\\s*)?<\\?)",
      "end": "(?!(^\\s*)?<\\?)",
      "patterns": [{ "include": "source.php" }]
    }
  },
  "uuid": "b2e03230-b205-4546-884e-ba107e964e46",
  "patterns": [
    { "include": "text.cfml.basic" },
    {
      "begin": "(<\\?)(xml)",
      "end": "(\\?>)",
      "patterns": [
        { "include": "#tag-generic-attribute" },
        { "include": "#string-double-quoted" },
        { "include": "#string-single-quoted" }
      ],
      "name": "meta.tag.preprocessor.xml.html",
      "captures": {
        "1": { "name": "punctuation.definition.tag.html" },
        "2": { "name": "entity.name.tag.xml.html" }
      }
    },
    {
      "begin": "<!--+",
      "end": "--+\\s*>",
      "patterns": [
        { "match": "--", "name": "invalid.illegal.bad-comments-or-CDATA.html" },
        { "include": "#embedded-code" }
      ],
      "name": "comment.block.html",
      "captures": { "0": { "name": "punctuation.definition.comment.html" } }
    },
    {
      "begin": "<!",
      "end": ">",
      "patterns": [
        {
          "begin": "(?i:DOCTYPE)",
          "end": "(?=>)",
          "patterns": [
            {
              "match": "\"[^\">]*\"",
              "name": "string.quoted.double.doctype.identifiers-and-DTDs.html"
            }
          ],
          "name": "meta.tag.sgml.doctype.html",
          "captures": { "1": { "name": "entity.name.tag.doctype.html" } }
        },
        {
          "begin": "\\[CDATA\\[",
          "end": "]](?=>)",
          "name": "constant.other.inline-data.html"
        },
        {
          "match": "(\\s*)(?!--|>)\\S(\\s*)",
          "name": "invalid.illegal.bad-comments-or-CDATA.html"
        }
      ],
      "name": "meta.tag.sgml.html",
      "captures": { "0": { "name": "punctuation.definition.tag.html" } }
    },
    { "include": "#embedded-code" },
    {
      "begin": "(?:^\\s+)?(<)((?i:style))\\b(?![^>]*/>)",
      "end": "(</)((?i:style))(>)(?:\\s*\\n)?",
      "patterns": [
        { "include": "#tag-stuff" },
        {
          "begin": "(>)",
          "end": "(?=</(?i:style))",
          "patterns": [
            { "include": "text.html.cfm" },
            { "include": "#embedded-code" },
            { "include": "source.css" }
          ],
          "beginCaptures": {
            "1": { "name": "punctuation.definition.tag.html" }
          }
        }
      ],
      "name": "source.css.embedded.html",
      "captures": {
        "1": { "name": "punctuation.definition.tag.html" },
        "2": { "name": "entity.name.tag.style.html" },
        "3": { "name": "punctuation.definition.tag.html" }
      }
    },
    {
      "begin": "(?:^\\s+)?(<)((?i:script))\\b(?![^>]*/>)",
      "endCaptures": { "2": { "name": "punctuation.definition.tag.html" } },
      "end": "(?<=</(script|SCRIPT))(>)(?:\\s*\\n)?",
      "patterns": [
        { "include": "#tag-stuff" },
        {
          "begin": "(?<!</(?:script|SCRIPT))(>)",
          "end": "(</)((?i:script))",
          "patterns": [
            {
              "match": "(//).*?((?=</script)|$\\n?)",
              "name": "comment.line.double-slash.js",
              "captures": {
                "1": { "name": "punctuation.definition.comment.js" }
              }
            },
            {
              "begin": "/\\*",
              "end": "\\*/|(?=</script)",
              "name": "comment.block.js",
              "captures": {
                "0": { "name": "punctuation.definition.comment.js" }
              }
            },
            { "include": "text.cfml.basic" },
            { "include": "#php" },
            { "include": "#nest-hash" },
            { "include": "source.js" }
          ],
          "captures": {
            "1": { "name": "punctuation.definition.tag.html" },
            "2": { "name": "entity.name.tag.script.html" }
          }
        }
      ],
      "name": "source.js.embedded.html",
      "beginCaptures": {
        "1": { "name": "punctuation.definition.tag.html" },
        "2": { "name": "entity.name.tag.script.html" }
      }
    },
    {
      "begin": "(</?)((?i:body|head|html)\\b)",
      "endCaptures": { "1": { "name": "punctuation.definition.tag.end.html" } },
      "end": "(>)",
      "patterns": [{ "include": "#tag-stuff" }],
      "name": "meta.tag.structure.any.html",
      "captures": {
        "1": { "name": "punctuation.definition.tag.begin.html" },
        "2": { "name": "entity.name.tag.structure.any.html" }
      }
    },
    {
      "begin": "(</?)((?i:form|fieldset|textarea)\\b)",
      "endCaptures": { "1": { "name": "punctuation.definition.tag.end.html" } },
      "end": "(>)",
      "patterns": [{ "include": "#tag-stuff" }],
      "name": "meta.tag.block.form.html",
      "beginCaptures": {
        "1": { "name": "punctuation.definition.tag.begin.html" },
        "2": { "name": "entity.name.tag.block.form.html" }
      }
    },
    {
      "begin": "(</?)((?i:object|applet)\\b)",
      "endCaptures": { "1": { "name": "punctuation.definition.tag.end.html" } },
      "end": "(>)",
      "patterns": [{ "include": "#tag-stuff" }],
      "name": "meta.tag.block.object.html",
      "beginCaptures": {
        "1": { "name": "punctuation.definition.tag.begin.html" },
        "2": { "name": "entity.name.tag.block.object.html" }
      }
    },
    {
      "begin": "(</?)((?i:address|blockquote|dd|div|dl|dt|frame|frameset|h1|h2|h3|h4|h5|h6|iframe|noframes|ol|p|ul|center|dir|hr|menu|pre)\\b)",
      "endCaptures": { "1": { "name": "punctuation.definition.tag.end.html" } },
      "end": "(>)",
      "patterns": [{ "include": "#tag-stuff" }],
      "name": "meta.tag.block.any.html",
      "beginCaptures": {
        "1": { "name": "punctuation.definition.tag.begin.html" },
        "2": { "name": "entity.name.tag.block.any.html" }
      }
    },
    {
      "begin": "(</?)((?i:img|area|map|param)\\b)",
      "endCaptures": { "1": { "name": "punctuation.definition.tag.end.html" } },
      "end": "((?: ?/)?>)",
      "patterns": [{ "include": "#tag-stuff" }],
      "name": "meta.tag.inline.img.html",
      "beginCaptures": {
        "1": { "name": "punctuation.definition.tag.begin.html" },
        "2": { "name": "entity.name.tag.img.html" }
      }
    },
    {
      "begin": "(</?)((?i:a|base)\\b)",
      "endCaptures": { "1": { "name": "punctuation.definition.tag.end.html" } },
      "end": "((?: ?/)?>)",
      "patterns": [{ "include": "#tag-stuff" }],
      "name": "meta.tag.inline.link.html",
      "beginCaptures": {
        "1": { "name": "punctuation.definition.tag.begin.html" },
        "2": { "name": "entity.name.tag.link.html" }
      }
    },
    {
      "begin": "(</?)((?i:table|tr|td|th|tbody|thead|tfoot|col|colgroup|caption)\\b)",
      "endCaptures": { "1": { "name": "punctuation.definition.tag.end.html" } },
      "end": "((?: ?/)?>)",
      "patterns": [{ "include": "#tag-stuff" }],
      "name": "meta.tag.inline.table.html",
      "beginCaptures": {
        "1": { "name": "punctuation.definition.tag.begin.html" },
        "2": { "name": "entity.name.tag.table.html" }
      }
    },
    {
      "begin": "(</?)((?i:input|select|option|optgroup|button|label|legend)\\b)",
      "endCaptures": { "1": { "name": "punctuation.definition.tag.end.html" } },
      "end": "((?: ?/)?>)",
      "patterns": [{ "include": "#tag-stuff" }],
      "name": "meta.tag.inline.form.html",
      "beginCaptures": {
        "1": { "name": "punctuation.definition.tag.begin.html" },
        "2": { "name": "entity.name.tag.form.html" }
      }
    },
    {
      "begin": "(</?)((?i:abbr|acronym|b|basefont|bdo|big|br|cite|code|del|dfn|em|font|head|html|i|ins|isindex|kbd|li|link|meta|noscript|q|s|samp|script|small|span|strike|strong|style|sub|sup|title|tt|u|var)\\b)",
      "endCaptures": { "1": { "name": "punctuation.definition.tag.end.html" } },
      "end": "((?: ?/)?>)",
      "patterns": [{ "include": "#tag-stuff" }],
      "name": "meta.tag.inline.any.html",
      "beginCaptures": {
        "1": { "name": "punctuation.definition.tag.begin.html" },
        "2": { "name": "entity.name.tag.inline.any.html" }
      }
    },
    {
      "begin": "(</?)([a-zA-Z0-9:]+)",
      "endCaptures": { "1": { "name": "punctuation.definition.tag.end.html" } },
      "end": "(>)",
      "patterns": [{ "include": "#tag-stuff" }],
      "name": "meta.tag.other.html",
      "beginCaptures": {
        "1": { "name": "punctuation.definition.tag.begin.html" },
        "2": { "name": "entity.name.tag.other.html" }
      }
    },
    {
      "begin": "(<)([a-zA-Z0-9:]++)(?=[^>]*></\\2>)",
      "endCaptures": {
        "3": { "name": "punctuation.definition.tag.begin.html" },
        "1": { "name": "punctuation.definition.tag.end.html" },
        "4": { "name": "entity.name.tag.html" },
        "2": {
          "name": "punctuation.definition.tag.begin.html meta.scope.between-tag-pair.html"
        },
        "5": { "name": "punctuation.definition.tag.end.html" }
      },
      "end": "(>)(<)(/)(\\2)(>)",
      "patterns": [{ "include": "#tag-stuff" }],
      "name": "meta.tag.any.html",
      "beginCaptures": {
        "1": { "name": "punctuation.definition.tag.begin.html" },
        "2": { "name": "entity.name.tag.html" }
      }
    },
    { "include": "#entities" },
    { "match": "<>", "name": "invalid.illegal.incomplete.html" },
    { "match": "<", "name": "invalid.illegal.bad-angle-bracket.html" }
  ],
  "name": "ColdFusion Markup",
  "scopeName": "text.html.cfm"
}
