{
  "scopeName": "text.html.javadoc",
  "fileTypes": [],
  "patterns": [
    {
      "end": "\\*/",
      "begin": "(/\\*\\*)\\s*$",
      "beginCaptures": {
        "1": { "name": "punctuation.definition.comment.begin.javadoc" }
      },
      "contentName": "text.html",
      "patterns": [
        { "include": "#inline" },
        {
          "begin": "((\\@)param)",
          "end": "(?=^\\s*\\*?\\s*@|\\*/)",
          "patterns": [{ "include": "#inline" }],
          "name": "meta.documentation.tag.param.javadoc",
          "beginCaptures": {
            "1": { "name": "keyword.other.documentation.param.javadoc" },
            "2": { "name": "punctuation.definition.keyword.javadoc" }
          }
        },
        {
          "begin": "((\\@)return)",
          "end": "(?=^\\s*\\*?\\s*@|\\*/)",
          "patterns": [{ "include": "#inline" }],
          "name": "meta.documentation.tag.return.javadoc",
          "beginCaptures": {
            "1": { "name": "keyword.other.documentation.return.javadoc" },
            "2": { "name": "punctuation.definition.keyword.javadoc" }
          }
        },
        {
          "begin": "((\\@)throws)",
          "end": "(?=^\\s*\\*?\\s*@|\\*/)",
          "patterns": [{ "include": "#inline" }],
          "name": "meta.documentation.tag.throws.javadoc",
          "beginCaptures": {
            "1": { "name": "keyword.other.documentation.throws.javadoc" },
            "2": { "name": "punctuation.definition.keyword.javadoc" }
          }
        },
        {
          "begin": "((\\@)exception)",
          "end": "(?=^\\s*\\*?\\s*@|\\*/)",
          "patterns": [{ "include": "#inline" }],
          "name": "meta.documentation.tag.exception.javadoc",
          "beginCaptures": {
            "1": { "name": "keyword.other.documentation.exception.javadoc" },
            "2": { "name": "punctuation.definition.keyword.javadoc" }
          }
        },
        {
          "begin": "((\\@)author)",
          "end": "(?=^\\s*\\*?\\s*@|\\*/)",
          "patterns": [{ "include": "#inline" }],
          "name": "meta.documentation.tag.author.javadoc",
          "beginCaptures": {
            "1": { "name": "keyword.other.documentation.author.javadoc" },
            "2": { "name": "punctuation.definition.keyword.javadoc" }
          }
        },
        {
          "begin": "((\\@)version)",
          "end": "(?=^\\s*\\*?\\s*@|\\*/)",
          "patterns": [{ "include": "#inline" }],
          "name": "meta.documentation.tag.version.javadoc",
          "beginCaptures": {
            "1": { "name": "keyword.other.documentation.version.javadoc" },
            "2": { "name": "punctuation.definition.keyword.javadoc" }
          }
        },
        {
          "begin": "((\\@)see)",
          "end": "(?=^\\s*\\*?\\s*@|\\*/)",
          "patterns": [{ "include": "#inline" }],
          "name": "meta.documentation.tag.see.javadoc",
          "beginCaptures": {
            "1": { "name": "keyword.other.documentation.see.javadoc" },
            "2": { "name": "punctuation.definition.keyword.javadoc" }
          }
        },
        {
          "begin": "((\\@)since)",
          "end": "(?=^\\s*\\*?\\s*@|\\*/)",
          "patterns": [{ "include": "#inline" }],
          "name": "meta.documentation.tag.since.javadoc",
          "beginCaptures": {
            "1": { "name": "keyword.other.documentation.since.javadoc" },
            "2": { "name": "punctuation.definition.keyword.javadoc" }
          }
        },
        {
          "begin": "((\\@)serial)",
          "end": "(?=^\\s*\\*?\\s*@|\\*/)",
          "patterns": [{ "include": "#inline" }],
          "name": "meta.documentation.tag.serial.javadoc",
          "beginCaptures": {
            "1": { "name": "keyword.other.documentation.serial.javadoc" },
            "2": { "name": "punctuation.definition.keyword.javadoc" }
          }
        },
        {
          "begin": "((\\@)serialField)",
          "end": "(?=^\\s*\\*?\\s*@|\\*/)",
          "patterns": [{ "include": "#inline" }],
          "name": "meta.documentation.tag.serialField.javadoc",
          "beginCaptures": {
            "1": { "name": "keyword.other.documentation.serialField.javadoc" },
            "2": { "name": "punctuation.definition.keyword.javadoc" }
          }
        },
        {
          "begin": "((\\@)serialData)",
          "end": "(?=^\\s*\\*?\\s*@|\\*/)",
          "patterns": [{ "include": "#inline" }],
          "name": "meta.documentation.tag.serialData.javadoc",
          "beginCaptures": {
            "1": { "name": "keyword.other.documentation.serialData.javadoc" },
            "2": { "name": "punctuation.definition.keyword.javadoc" }
          }
        },
        {
          "begin": "((\\@)deprecated)",
          "end": "(?=^\\s*\\*?\\s*@|\\*/)",
          "patterns": [{ "include": "#inline" }],
          "name": "meta.documentation.tag.deprecated.javadoc",
          "beginCaptures": {
            "1": { "name": "keyword.other.documentation.deprecated.javadoc" },
            "2": { "name": "punctuation.definition.keyword.javadoc" }
          }
        },
        {
          "match": "((\\@)\\S+)\\s",
          "captures": {
            "1": { "name": "keyword.other.documentation.custom.javadoc" },
            "2": { "name": "punctuation.definition.keyword.javadoc" }
          }
        }
      ],
      "endCaptures": {
        "0": { "name": "punctuation.definition.comment.end.javadoc" }
      },
      "name": "comment.block.documentation.javadoc"
    }
  ],
  "repository": {
    "inline": {
      "patterns": [
        { "include": "#inline-formatting" },
        {
          "comment": "This prevents < characters in commented source from starting\n\t\t\t\t\t\t\t\ta tag that will not end. List of allowed tags taken from\n\t\t\t\t\t\t\t\tjava checkstyle.",
          "match": "<(?!(a|abbr|acronym|address|area|b|bdo|big|blockquote|br|caption|cite|code|colgroup|dd|del|div|dfn|dl|dt|em|fieldset|font|h1toh6|hr|i|img|ins|kbd|li|ol|p|pre|q|samp|small|span|strong|sub|sup|table|tbody|td|tfoot|th|thread|tr|tt|u|ul)\\b[^>]*>)"
        },
        { "include": "text.html.basic" },
        {
          "match": "((https?|s?ftp|ftps|file|smb|afp|nfs|(x-)?man|gopher|txmt)://|mailto:)[-:@a-zA-Z0-9_.,~%+/?=&#;]+(?<![-.,?:#;])",
          "name": "markup.underline.link"
        }
      ]
    },
    "inline-formatting": {
      "patterns": [
        {
          "end": "\\}",
          "begin": "(\\{)((\\@)code)",
          "beginCaptures": {
            "1": { "name": "punctuation.definition.tag.begin.javadoc" },
            "2": {
              "name": "keyword.other.documentation.directive.code.javadoc"
            },
            "3": { "name": "punctuation.definition.keyword.javadoc" }
          },
          "contentName": "markup.raw.code.javadoc",
          "patterns": [],
          "endCaptures": {
            "0": { "name": "punctuation.definition.tag.end.javadoc" }
          },
          "name": "meta.tag.template.code.javadoc"
        },
        {
          "end": "\\}",
          "begin": "(\\{)((\\@)literal)",
          "beginCaptures": {
            "1": { "name": "punctuation.definition.tag.begin.javadoc" },
            "2": {
              "name": "keyword.other.documentation.directive.literal.javadoc"
            },
            "3": { "name": "punctuation.definition.keyword.javadoc" }
          },
          "contentName": "markup.raw.literal.javadoc",
          "patterns": [],
          "endCaptures": {
            "0": { "name": "punctuation.definition.tag.end.javadoc" }
          },
          "name": "meta.tag.template.literal.javadoc"
        },
        {
          "match": "(\\{)((\\@)docRoot)(\\})",
          "name": "meta.tag.template.docRoot.javadoc",
          "captures": {
            "3": { "name": "punctuation.definition.keyword.javadoc" },
            "1": { "name": "punctuation.definition.tag.begin.javadoc" },
            "4": { "name": "punctuation.definition.tag.end.javadoc" },
            "2": {
              "name": "keyword.other.documentation.directive.docRoot.javadoc"
            }
          }
        },
        {
          "match": "(\\{)((\\@)inheritDoc)(\\})",
          "name": "meta.tag.template.inheritDoc.javadoc",
          "captures": {
            "3": { "name": "punctuation.definition.keyword.javadoc" },
            "1": { "name": "punctuation.definition.tag.begin.javadoc" },
            "4": { "name": "punctuation.definition.tag.end.javadoc" },
            "2": {
              "name": "keyword.other.documentation.directive.inheritDoc.javadoc"
            }
          }
        },
        {
          "match": "(\\{)((\\@)link)(?:\\s+(\\S+?))?(?:\\s+(.+?))?\\s*(\\})",
          "name": "meta.tag.template.link.javadoc",
          "captures": {
            "3": { "name": "punctuation.definition.keyword.javadoc" },
            "1": { "name": "punctuation.definition.tag.begin.javadoc" },
            "6": { "name": "punctuation.definition.tag.end.javadoc" },
            "4": { "name": "markup.underline.link.javadoc" },
            "2": {
              "name": "keyword.other.documentation.directive.link.javadoc"
            },
            "5": { "name": "string.other.link.title.javadoc" }
          }
        },
        {
          "match": "(\\{)((\\@)linkplain)(?:\\s+(\\S+?))?(?:\\s+(.+?))?\\s*(\\})",
          "name": "meta.tag.template.linkplain.javadoc",
          "captures": {
            "3": { "name": "punctuation.definition.keyword.javadoc" },
            "1": { "name": "punctuation.definition.tag.begin.javadoc" },
            "6": { "name": "punctuation.definition.tag.end.javadoc" },
            "4": { "name": "markup.underline.linkplain.javadoc" },
            "2": {
              "name": "keyword.other.documentation.directive.linkplain.javadoc"
            },
            "5": { "name": "string.other.link.title.javadoc" }
          }
        },
        {
          "match": "(\\{)((\\@)value)\\s*(\\S+?)?\\s*(\\})",
          "name": "meta.tag.template.value.javadoc",
          "captures": {
            "3": { "name": "punctuation.definition.keyword.javadoc" },
            "1": { "name": "punctuation.definition.tag.begin.javadoc" },
            "4": { "name": "variable.other.javadoc" },
            "2": {
              "name": "keyword.other.documentation.directive.value.javadoc"
            },
            "5": { "name": "punctuation.definition.tag.end.javadoc" }
          }
        }
      ]
    }
  },
  "name": "JavaDoc",
  "uuid": "64BB98A4-59D4-474E-9091-C1E1D04BDD03"
}
