{
  "scopeName": "text.html.nunjucks",
  "fileTypes": ["nj", "njk", "nunjucks"],
  "patterns": [
    {
      "begin": "{% comment %}",
      "end": "{% endcomment %}",
      "name": "comment.block.nunjucks"
    },
    { "begin": "{#", "end": "#}", "name": "comment.line.number-sign.nunjucks" },
    {
      "begin": "{{",
      "end": "}}",
      "patterns": [{ "include": "#template_filter" }],
      "name": "storage.type.variable.nunjucks",
      "captures": { "0": { "name": "entity.tag.tagbraces.nunjucks" } }
    },
    {
      "begin": "{%-|{%",
      "end": "-%}|%}",
      "patterns": [
        { "include": "#template_tag" },
        { "include": "#template_filter" }
      ],
      "name": "storage.type.templatetag.nunjucks",
      "captures": { "0": { "name": "entity.tag.tagbraces.nunjucks" } }
    },
    {
      "begin": "(<)([a-zA-Z0-9:]++)(?=[^>]*></\\2>)",
      "endCaptures": {
        "3": { "name": "punctuation.definition.tag.begin.html" },
        "1": { "name": "punctuation.definition.tag.end.html" },
        "4": { "name": "entity.name.tag.html" },
        "2": {
          "name": "punctuation.definition.tag.begin.html meta.scope.between-tag-pair.html"
        },
        "5": { "name": "punctuation.definition.tag.end.html" }
      },
      "end": "(>)(<)(/)(\\2)(>)",
      "patterns": [{ "include": "#tag-stuff" }],
      "name": "meta.tag.any.html",
      "beginCaptures": {
        "1": { "name": "punctuation.definition.tag.begin.html" },
        "2": { "name": "entity.name.tag.html" }
      }
    },
    {
      "begin": "(<\\?)(xml)",
      "end": "(\\?>)",
      "patterns": [
        { "include": "#tag-generic-attribute" },
        { "include": "#string-double-quoted" },
        { "include": "#string-single-quoted" }
      ],
      "name": "meta.tag.preprocessor.xml.html",
      "captures": {
        "1": { "name": "punctuation.definition.tag.html" },
        "2": { "name": "entity.name.tag.xml.html" }
      }
    },
    {
      "begin": "<!--",
      "end": "--\\s*>",
      "patterns": [
        { "match": "--", "name": "invalid.illegal.bad-comments-or-CDATA.html" },
        { "include": "#embedded-code" }
      ],
      "name": "comment.block.html",
      "captures": { "0": { "name": "punctuation.definition.comment.html" } }
    },
    {
      "begin": "<!",
      "end": ">",
      "patterns": [
        {
          "begin": "(?i:DOCTYPE)",
          "end": "(?=>)",
          "patterns": [
            {
              "match": "\"[^\">]*\"",
              "name": "string.quoted.double.doctype.identifiers-and-DTDs.html"
            }
          ],
          "name": "meta.tag.sgml.doctype.html",
          "captures": { "1": { "name": "entity.name.tag.doctype.html" } }
        },
        {
          "begin": "\\[CDATA\\[",
          "end": "]](?=>)",
          "name": "constant.other.inline-data.html"
        },
        {
          "match": "(\\s*)(?!--|>)\\S(\\s*)",
          "name": "invalid.illegal.bad-comments-or-CDATA.html"
        }
      ],
      "name": "meta.tag.sgml.html",
      "captures": { "0": { "name": "punctuation.definition.tag.html" } }
    },
    { "include": "#embedded-code" },
    {
      "begin": "(?:^\\s+)?(<)((?i:style))\\b(?![^>]*/>)",
      "end": "(</)((?i:style))(>)(?:\\s*\\n)?",
      "patterns": [
        { "include": "#tag-stuff" },
        {
          "begin": "(>)",
          "end": "(?=</(?i:style))",
          "patterns": [
            {
              "begin": "{% comment %}",
              "end": "{% endcomment %}",
              "name": "comment.block.nunjucks"
            },
            {
              "begin": "{#",
              "end": "#}",
              "name": "comment.line.number-sign.nunjucks"
            },
            {
              "begin": "{{",
              "end": "}}",
              "patterns": [{ "include": "#template_filter" }],
              "name": "storage.type.variable.nunjucks",
              "captures": { "0": { "name": "entity.tag.tagbraces.nunjucks" } }
            },
            {
              "begin": "{%",
              "end": "%}",
              "patterns": [
                { "include": "#template_tag" },
                { "include": "#template_filter" }
              ],
              "name": "storage.type.templatetag.nunjucks",
              "captures": { "0": { "name": "entity.tag.tagbraces.nunjucks" } }
            },
            { "include": "#embedded-code" },
            { "include": "source.css.nunjucks" }
          ],
          "beginCaptures": {
            "1": { "name": "punctuation.definition.tag.end.html" }
          }
        }
      ],
      "name": "source.css.embedded.html",
      "captures": {
        "1": { "name": "punctuation.definition.tag.begin.html" },
        "2": { "name": "entity.name.tag.style.html" },
        "3": { "name": "punctuation.definition.tag.html" }
      }
    },
    {
      "begin": "(?:^\\s+)?(<)((?i:script))\\b(?![^>]*/>)",
      "endCaptures": { "2": { "name": "punctuation.definition.tag.html" } },
      "end": "(?<=</(script|SCRIPT))(>)(?:\\s*\\n)?",
      "patterns": [
        { "include": "#tag-stuff" },
        {
          "begin": "(?<!</(?:script|SCRIPT))(>)",
          "end": "(</)((?i:script))",
          "patterns": [
            {
              "begin": "{% comment %}",
              "end": "{% endcomment %}",
              "name": "comment.block.nunjucks"
            },
            {
              "begin": "{#",
              "end": "#}",
              "name": "comment.line.number-sign.nunjucks"
            },
            {
              "begin": "{{",
              "end": "}}",
              "patterns": [{ "include": "#template_filter" }],
              "name": "storage.type.variable.nunjucks",
              "captures": { "0": { "name": "entity.tag.tagbraces.nunjucks" } }
            },
            {
              "begin": "{%",
              "end": "%}",
              "patterns": [
                { "include": "#template_tag" },
                { "include": "#template_filter" }
              ],
              "name": "storage.type.templatetag.nunjucks",
              "captures": { "0": { "name": "entity.tag.tagbraces.nunjucks" } }
            },
            {
              "match": "(//).*?((?=</script)|$\\n?)",
              "name": "comment.line.double-slash.js",
              "captures": {
                "1": { "name": "punctuation.definition.comment.js" }
              }
            },
            {
              "begin": "/\\*",
              "end": "\\*/|(?=</script)",
              "name": "comment.block.js",
              "captures": {
                "0": { "name": "punctuation.definition.comment.js" }
              }
            },
            { "include": "#php" },
            { "include": "source.js" }
          ],
          "captures": {
            "1": { "name": "punctuation.definition.tag.end.html" },
            "2": { "name": "entity.name.tag.script.html" }
          }
        }
      ],
      "name": "source.js.embedded.html",
      "beginCaptures": {
        "1": { "name": "punctuation.definition.tag.begin.html" },
        "2": { "name": "entity.name.tag.script.html" }
      }
    },
    {
      "begin": "(</?)((?i:body|head|html)\\b)",
      "endCaptures": { "1": { "name": "punctuation.definition.tag.end.html" } },
      "end": "(>)",
      "patterns": [{ "include": "#tag-stuff" }],
      "name": "meta.tag.structure.any.html",
      "captures": {
        "1": { "name": "punctuation.definition.tag.begin.html" },
        "2": { "name": "entity.name.tag.structure.any.html" }
      }
    },
    {
      "begin": "(</?)((?i:address|blockquote|dd|div|dl|dt|fieldset|form|frame|frameset|h1|h2|h3|h4|h5|h6|iframe|noframes|object|ol|p|ul|applet|center|dir|hr|menu|pre)\\b)",
      "endCaptures": { "1": { "name": "punctuation.definition.tag.end.html" } },
      "end": "(>)",
      "patterns": [{ "include": "#tag-stuff" }],
      "name": "meta.tag.block.any.html",
      "beginCaptures": {
        "1": { "name": "punctuation.definition.tag.begin.html" },
        "2": { "name": "entity.name.tag.block.any.html" }
      }
    },
    {
      "begin": "(</?)((?i:a|abbr|acronym|area|b|base|basefont|bdo|big|br|button|caption|cite|code|col|colgroup|del|dfn|em|font|head|html|i|img|input|ins|isindex|kbd|label|legend|li|link|map|meta|noscript|optgroup|option|param|q|s|samp|script|select|small|span|strike|strong|style|sub|sup|table|tbody|td|textarea|tfoot|th|thead|title|tr|tt|u|var)\\b)",
      "endCaptures": { "1": { "name": "punctuation.definition.tag.end.html" } },
      "end": "((?: ?/)?>)",
      "patterns": [{ "include": "#tag-stuff" }],
      "name": "meta.tag.inline.any.html",
      "beginCaptures": {
        "1": { "name": "punctuation.definition.tag.begin.html" },
        "2": { "name": "entity.name.tag.inline.any.html" }
      }
    },
    {
      "begin": "(</?)([a-zA-Z0-9:]+)",
      "endCaptures": { "1": { "name": "punctuation.definition.tag.end.html" } },
      "end": "(>)",
      "patterns": [{ "include": "#tag-stuff" }],
      "name": "meta.tag.other.html",
      "beginCaptures": {
        "1": { "name": "punctuation.definition.tag.begin.html" },
        "2": { "name": "entity.name.tag.other.html" }
      }
    },
    { "include": "#entities" },
    { "match": "<>", "name": "invalid.illegal.incomplete.html" },
    { "match": "<", "name": "invalid.illegal.bad-angle-bracket.html" }
  ],
  "repository": {
    "tag-stuff": {
      "patterns": [
        { "include": "#tag-id-attribute" },
        { "include": "#tag-generic-attribute" },
        { "include": "#string-double-quoted" },
        { "include": "#string-single-quoted" },
        { "include": "#embedded-code" }
      ]
    },
    "php": {
      "begin": "(?=(^\\s*)?<\\?)",
      "end": "(?!(^\\s*)?<\\?)",
      "patterns": [{ "include": "source.php" }]
    },
    "string-double-quoted": {
      "begin": "\"",
      "endCaptures": {
        "0": { "name": "punctuation.definition.string.end.html" }
      },
      "end": "\"",
      "patterns": [{ "include": "#embedded-code" }, { "include": "#entities" }],
      "name": "string.quoted.double.html",
      "beginCaptures": {
        "0": { "name": "punctuation.definition.string.begin.html" }
      }
    },
    "python": {
      "begin": "(?:^\\s*)<\\?python(?!.*\\?>)",
      "end": "\\?>(?:\\s*$\\n)?",
      "patterns": [{ "include": "source.python" }],
      "name": "source.python.embedded.html"
    },
    "template_tag": {
      "patterns": [
        {
          "match": "\\b(autoescape|endautoescape|block|endblock|blocktrans|endblocktrans|trans|plural|debug|extends|filter|firstof|for|empty|endfor|if|elif|else|endif|include|ifchanged|endifchanged|ifequal|endifequal|ifnotequal|endifnotequal|load|from|low|regroup|ssi|spaceless|endspaceless|templatetag|widthratio|with|endwith|csrf_token|cycle|url|lorem|thumbnail|endthumbnail|get_static_prefix)\\b",
          "name": "keyword.control.tag-name.nunjucks"
        },
        {
          "match": "\\b(and|or|not|in|by|as)\\b",
          "name": "keyword.operator.nunjucks"
        }
      ]
    },
    "embedded-code": {
      "patterns": [
        { "include": "#ruby" },
        { "include": "#php" },
        { "include": "#python" }
      ]
    },
    "string-single-quoted": {
      "begin": "'",
      "endCaptures": {
        "0": { "name": "punctuation.definition.string.end.html" }
      },
      "end": "'",
      "patterns": [{ "include": "#embedded-code" }, { "include": "#entities" }],
      "name": "string.quoted.single.html",
      "beginCaptures": {
        "0": { "name": "punctuation.definition.string.begin.html" }
      }
    },
    "tag-generic-attribute": {
      "match": "\\b([a-zA-Z\\-:]+)",
      "name": "entity.other.attribute-name.html"
    },
    "entities": {
      "patterns": [
        {
          "match": "(&)([a-zA-Z0-9]+|#[0-9]+|#x[0-9a-fA-F]+)(;)",
          "name": "constant.character.entity.html",
          "captures": {
            "1": { "name": "punctuation.definition.entity.html" },
            "3": { "name": "punctuation.definition.entity.html" }
          }
        },
        { "match": "&", "name": "invalid.illegal.bad-ampersand.html" }
      ]
    },
    "tag-id-attribute": {
      "begin": "\\b(id)\\b\\s*(=)",
      "end": "(?<='|\")",
      "patterns": [
        {
          "end": "\"",
          "begin": "\"",
          "beginCaptures": {
            "0": { "name": "punctuation.definition.string.begin.html" }
          },
          "contentName": "meta.toc-list.id.html",
          "patterns": [
            { "include": "#embedded-code" },
            { "include": "#entities" }
          ],
          "endCaptures": {
            "0": { "name": "punctuation.definition.string.end.html" }
          },
          "name": "string.quoted.double.html"
        },
        {
          "end": "'",
          "begin": "'",
          "beginCaptures": {
            "0": { "name": "punctuation.definition.string.begin.html" }
          },
          "contentName": "meta.toc-list.id.html",
          "patterns": [
            { "include": "#embedded-code" },
            { "include": "#entities" }
          ],
          "endCaptures": {
            "0": { "name": "punctuation.definition.string.end.html" }
          },
          "name": "string.quoted.single.html"
        }
      ],
      "name": "meta.attribute-with-value.id.html",
      "captures": {
        "1": { "name": "entity.other.attribute-name.id.html" },
        "2": { "name": "punctuation.separator.key-value.html" }
      }
    },
    "ruby": {
      "patterns": [
        {
          "begin": "<%+#",
          "end": "%>",
          "name": "comment.block.erb",
          "captures": { "0": { "name": "punctuation.definition.comment.erb" } }
        },
        {
          "begin": "<%+(?!>)=?",
          "end": "-?%>",
          "patterns": [
            {
              "match": "(#).*?(?=-?%>)",
              "name": "comment.line.number-sign.ruby",
              "captures": {
                "1": { "name": "punctuation.definition.comment.ruby" }
              }
            },
            { "include": "source.ruby" }
          ],
          "name": "source.ruby.embedded.html",
          "captures": { "0": { "name": "punctuation.section.embedded.ruby" } }
        },
        {
          "begin": "<\\?r(?!>)=?",
          "end": "-?\\?>",
          "patterns": [
            {
              "match": "(#).*?(?=-?\\?>)",
              "name": "comment.line.number-sign.ruby.nitro",
              "captures": {
                "1": { "name": "punctuation.definition.comment.ruby.nitro" }
              }
            },
            { "include": "source.ruby" }
          ],
          "name": "source.ruby.nitro.embedded.html",
          "captures": {
            "0": { "name": "punctuation.section.embedded.ruby.nitro" }
          }
        }
      ]
    },
    "template_filter": {
      "patterns": [
        {
          "match": "(add|addslashes|capfirst|center|cut|date|default|default_if_none|dictsort|dictsortreversed|divisibleby|escape|escapejs|filesizeformat|first|fix_ampersands|floatformat|force_escape|get_digit|iriencode|join|last|length|length_is|linebreaks|linebreaksbr|linenumbers|ljust|lower|make_list|phone2numeric|pluralize|pprint|random|removetags|rjust|safe|safeseq|slice|slugify|stringformat|striptags|time|timesince|timeutil|title|truncatewords|truncatewords_html|unordered_list|upper|urlencode|urlize|urlizetrunc|wordcount|wordwrap|yesno|apnumber|intcomma|intword|naturalday|ordinal|STATIC_PREFIX)\\b",
          "name": "keyword.control.filter.nunjucks"
        },
        {
          "begin": ":\"|\"",
          "end": "\"",
          "name": "storage.type.attr.nunjucks"
        },
        {
          "begin": ":\\'|\\'",
          "end": "\\'",
          "name": "storage.type.attr.nunjucks"
        },
        { "match": "\\|", "name": "string.unquoted.filter-pipe.nunjucks" },
        {
          "match": "[a-zA-Z0-9_.]+",
          "name": "string.unquoted.tag-string.nunjucks"
        }
      ]
    }
  },
  "name": "Nunjucks",
  "uuid": "0AAEDD0E-56AD-4B71-95C8-2FF271DE5B19"
}
