{
  "foldingStopMarker": "\\*/|^\\s*$",
  "foldingStartMarker": "/\\*|^#|^\\*|^\\b|^\\.",
  "repository": {
    "reserved-words": {
      "match": "\\b(false|from|in|not|null|through|to|true)\\b",
      "name": "support.type.property-name.css.postcss"
    },
    "numeric": {
      "match": "(-|\\.)?[0-9]+(\\.[0-9]+)?",
      "name": "constant.numeric.css.postcss"
    },
    "quoted-interpolation": {
      "begin": "#{",
      "end": "}",
      "patterns": [
        { "include": "#variable" },
        { "include": "#numeric" },
        { "include": "#operator" },
        { "include": "#unit" }
      ],
      "name": "support.function.interpolation.postcss"
    },
    "operator": {
      "match": "\\+|\\s-\\s|\\s-(?=\\$)|(?<=\\()-(?=\\$)|\\s-(?=\\()|\\*|/|%|=|!|<|>|~",
      "name": "keyword.operator.postcss"
    },
    "function-content": {
      "match": "(?<=url\\(|format\\(|attr\\().+?(?=\\))",
      "name": "string.quoted.double.css.postcss"
    },
    "double-slash": {
      "begin": "//",
      "end": "$",
      "patterns": [{ "include": "#comment-tag" }],
      "name": "comment.line.postcss"
    },
    "dotdotdot": { "match": "\\.{3}", "name": "variable.other" },
    "single-quoted": {
      "begin": "'",
      "end": "'",
      "patterns": [{ "include": "#quoted-interpolation" }],
      "name": "string.quoted.single.css.postcss"
    },
    "rgb-value": {
      "match": "(#)([0-9a-fA-F]{3}|[0-9a-fA-F]{6})\\b",
      "name": "constant.other.color.rgb-value.css.postcss"
    },
    "flag": {
      "match": "!(important|default|optional|global)",
      "name": "keyword.other.important.css.postcss"
    },
    "variable-root-css": {
      "match": "(?<!&)--[\\w-]+",
      "name": "variable.parameter.postcss"
    },
    "function-content-var": {
      "match": "(?<=var\\()[\\w-]+(?=\\))",
      "name": "variable.parameter.postcss"
    },
    "comment-tag": {
      "begin": "{{",
      "end": "}}",
      "patterns": [{ "match": "[\\w-]+", "name": "comment.tag.postcss" }],
      "name": "comment.tags.postcss"
    },
    "property-value": {
      "match": "[\\w-]+",
      "name": "meta.property-value.css.postcss, support.constant.property-value.css.postcss"
    },
    "function": {
      "match": "(?<=[\\s|\\(|,|:])(?!url|format|attr)[\\w-][\\w-]*(?=\\()",
      "name": "support.function.name.postcss"
    },
    "pseudo-class": {
      "match": ":[a-z:-]+",
      "name": "entity.other.attribute-name.pseudo-class.css.postcss"
    },
    "interpolation": {
      "begin": "#{",
      "end": "}",
      "patterns": [
        { "include": "#variable" },
        { "include": "#numeric" },
        { "include": "#operator" },
        { "include": "#unit" },
        { "include": "#double-quoted" },
        { "include": "#single-quoted" }
      ],
      "name": "support.function.interpolation.postcss"
    },
    "parent-selector": { "match": "&", "name": "entity.name.tag.css.postcss" },
    "unit": {
      "match": "(?<=[\\d]|})(ch|cm|deg|dpcm|dpi|dppx|em|ex|grad|Hz|in|kHz|mm|ms|pc|pt|px|rad|rem|s|turn|vh|vmax|vmin|vw|%)",
      "name": "keyword.other.unit.css.postcss"
    },
    "variable": { "match": "\\$[\\w-]+", "name": "variable.parameter.postcss" },
    "placeholder-selector": {
      "begin": "(?<!\\d)%(?!\\d)",
      "end": "$\\n?|\\s|(?=;|{)",
      "name": "entity.other.attribute-name.placeholder-selector.postcss"
    },
    "double-quoted": {
      "begin": "\"",
      "end": "\"",
      "patterns": [{ "include": "#quoted-interpolation" }],
      "name": "string.quoted.double.css.postcss"
    }
  },
  "fileTypes": ["pcss", "postcss"],
  "uuid": "90DAEA60-88AA-11E2-9E96-0800200C9A66",
  "patterns": [
    {
      "begin": "/\\*",
      "end": "\\*/",
      "patterns": [{ "include": "#comment-tag" }],
      "name": "comment.block.postcss"
    },
    { "include": "#double-slash" },
    { "include": "#double-quoted" },
    { "include": "#single-quoted" },
    { "include": "#interpolation" },
    { "include": "#placeholder-selector" },
    { "include": "#variable" },
    { "include": "#variable-root-css" },
    { "include": "#numeric" },
    { "include": "#unit" },
    { "include": "#flag" },
    { "include": "#dotdotdot" },
    {
      "begin": "@include",
      "end": "(?=\\n|\\(|{|;)",
      "name": "support.function.name.postcss.library",
      "captures": { "0": { "name": "keyword.control.at-rule.css.postcss" } }
    },
    {
      "begin": "@mixin|@function",
      "end": "$\\n?|(?=\\(|{)",
      "patterns": [{ "match": "[\\w-]+", "name": "entity.name.function" }],
      "name": "support.function.name.postcss.no-completions",
      "captures": { "0": { "name": "keyword.control.at-rule.css.postcss" } }
    },
    {
      "match": "(?<=@import)\\s[\\w/.*-]+",
      "name": "string.quoted.double.css.postcss"
    },
    {
      "begin": "@",
      "end": "$\\n?|\\s(?!(all|braille|embossed|handheld|print|projection|screen|speech|tty|tv|if|only|not)(\\s|,))|(?=;)",
      "name": "keyword.control.at-rule.css.postcss"
    },
    {
      "begin": "#",
      "end": "$\\n?|(?=\\s|,|;|\\(|\\)|\\.|\\[|{|>)",
      "patterns": [
        { "include": "#interpolation" },
        { "include": "#pseudo-class" }
      ],
      "name": "entity.other.attribute-name.id.css.postcss"
    },
    {
      "begin": "\\.|(?<=&)(-|_)",
      "end": "$\\n?|(?=\\s|,|;|\\(|\\)|\\[|{|>)",
      "patterns": [
        { "include": "#interpolation" },
        { "include": "#pseudo-class" }
      ],
      "name": "entity.other.attribute-name.class.css.postcss"
    },
    {
      "begin": "\\[",
      "end": "\\]",
      "patterns": [
        { "include": "#double-quoted" },
        { "include": "#single-quoted" },
        { "match": "\\^|\\$|\\*|~", "name": "keyword.other.regex.postcss" }
      ],
      "name": "entity.other.attribute-selector.postcss"
    },
    {
      "match": "(?<=\\]|\\)|not\\(|\\*|>|>\\s):[a-z:-]+|(::|:-)[a-z:-]+",
      "name": "entity.other.attribute-name.pseudo-class.css.postcss"
    },
    {
      "begin": ":",
      "end": "$\\n?|(?=;|\\s\\(|and\\(|{|}|\\),)",
      "patterns": [
        { "include": "#double-slash" },
        { "include": "#double-quoted" },
        { "include": "#single-quoted" },
        { "include": "#interpolation" },
        { "include": "#variable" },
        { "include": "#rgb-value" },
        { "include": "#numeric" },
        { "include": "#unit" },
        { "include": "#flag" },
        { "include": "#function" },
        { "include": "#function-content" },
        { "include": "#function-content-var" },
        { "include": "#operator" },
        { "include": "#parent-selector" },
        { "include": "#property-value" }
      ],
      "name": "meta.property-list.css.postcss"
    },
    { "include": "#rgb-value" },
    { "include": "#function" },
    { "include": "#function-content" },
    {
      "begin": "(?<!\\-|\\()\\b(a|abbr|acronym|address|applet|area|article|aside|audio|b|base|big|blockquote|body|br|button|canvas|caption|cite|code|col|colgroup|datalist|dd|del|details|dfn|dialog|div|dl|dt|em|embed|eventsource|fieldset|figure|figcaption|footer|form|frame|frameset|(h[1-6])|head|header|hgroup|hr|html|i|iframe|img|input|ins|kbd|label|legend|li|link|map|mark|menu|meta|meter|nav|noframes|noscript|object|ol|optgroup|option|output|p|param|picture|pre|progress|q|samp|script|section|select|small|source|span|strike|strong|style|sub|summary|sup|table|tbody|td|textarea|tfoot|th|thead|time|title|tr|tt|ul|var|video|main|svg|rect|ruby|center|circle|ellipse|line|polyline|polygon|path|text|u|x)\\b(?!-|\\)|:\\s)|&",
      "end": "(?=\\s|,|;|\\(|\\)|\\.|\\[|{|>|-|_)",
      "patterns": [
        { "include": "#interpolation" },
        { "include": "#pseudo-class" }
      ],
      "name": "entity.name.tag.css.postcss.symbol"
    },
    { "include": "#operator" },
    {
      "match": "[a-z-]+((?=:|#{))",
      "name": "support.type.property-name.css.postcss"
    },
    { "include": "#reserved-words" },
    { "include": "#property-value" }
  ],
  "name": "PostCSS",
  "scopeName": "source.postcss"
}
