{
  "$schema": "https://raw.githubusercontent.com/martinring/tmlanguage/master/tmlanguage.json",
  "name": "sjs",
  "patterns": [
    { "include": "source.js" },
    {
      "include": "#strings"
    },
    {
      "include": "#keywords"
    }
  ],
  "repository": {
    "keywords": {
      "patterns": [
        {
          "name": "keyword.control.sjs",
          "match": "\\b(if|while|for|return)\\b"
        }
      ]
    },
    "strings": {
      "name": "string.quoted.double.sjs",
      "begin": "\"",
      "end": "\"",
      "patterns": [
        {
          "name": "constant.character.escape.sjs",
          "match": "\\\\."
        }
      ]
    }
  },
  "scopeName": "source.sjs"
}
